provincia,energia entregada,mes,anio,fecha
El Seibo,4900165.41,1,2017,2017-01-01
Distrito Nacional,66684574.68,1,2017,2017-01-01
Hato Mayor,5179208.17,1,2017,2017-01-01
La Altagracia,19982012.41,1,2017,2017-01-01
La Romana,22908858.46,1,2017,2017-01-01
Monte Plata,8669036.76,1,2017,2017-01-01
San Pedro de Macorís,36776705.84,1,2017,2017-01-01
Santo Domingo,174256593.81,1,2017,2017-01-01
El Seibo,4590617.42,2,2017,2017-02-01
Distrito Nacional,63364775.92,2,2017,2017-02-01
Hato Mayor,4720981.86,2,2017,2017-02-01
La Altagracia,18514895.48,2,2017,2017-02-01
La Romana,21564910.97,2,2017,2017-02-01
Monte Plata,7457867.32,2,2017,2017-02-01
San Pedro de Macorís,35498962.21,2,2017,2017-02-01
Santo Domingo,164122790.46,2,2017,2017-02-01
El Seibo,5093697.93,3,2017,2017-03-01
Distrito Nacional,71723670.05,3,2017,2017-03-01
Hato Mayor,5331682.56,3,2017,2017-03-01
La Altagracia,20935478.01,3,2017,2017-03-01
La Romana,24234019.26,3,2017,2017-03-01
Monte Plata,9645451.73,3,2017,2017-03-01
San Pedro de Macorís,40097117.2,3,2017,2017-03-01
Santo Domingo,183001930.7,3,2017,2017-03-01
El Seibo,5204359.98,4,2017,2017-04-01
Distrito Nacional,69236193.08,4,2017,2017-04-01
Hato Mayor,5476815.39,4,2017,2017-04-01
La Altagracia,21438867.9,4,2017,2017-04-01
La Romana,24416682.93,4,2017,2017-04-01
Monte Plata,9404404.96,4,2017,2017-04-01
San Pedro de Macorís,38719183.48,4,2017,2017-04-01
Santo Domingo,181805406.78,4,2017,2017-04-01
El Seibo,5566397.18,5,2017,2017-05-01
Distrito Nacional,77424389.08,5,2017,2017-05-01
Hato Mayor,5719428.28,5,2017,2017-05-01
La Altagracia,23763441.49,5,2017,2017-05-01
La Romana,26957679.82,5,2017,2017-05-01
Monte Plata,9976861.95,5,2017,2017-05-01
San Pedro de Macorís,43194098.88,5,2017,2017-05-01
Santo Domingo,200470118.6,5,2017,2017-05-01
El Seibo,5524942.9,6,2017,2017-06-01
Distrito Nacional,77164589.95,6,2017,2017-06-01
Hato Mayor,5789130.77,6,2017,2017-06-01
La Altagracia,23533595.49,6,2017,2017-06-01
La Romana,27111884.02,6,2017,2017-06-01
Monte Plata,10004793.53,6,2017,2017-06-01
San Pedro de Macorís,42779963.13,6,2017,2017-06-01
Santo Domingo,198638394.32,6,2017,2017-06-01
El Seibo,5960355.18,7,2017,2017-07-01
Distrito Nacional,80479650.36,7,2017,2017-07-01
Hato Mayor,5927279.57,7,2017,2017-07-01
La Altagracia,23889424.12,7,2017,2017-07-01
La Romana,27347980.24,7,2017,2017-07-01
Monte Plata,10010272.6,7,2017,2017-07-01
San Pedro de Macorís,44342625.31,7,2017,2017-07-01
Santo Domingo,203277379.14,7,2017,2017-07-01
El Seibo,5807823.55,8,2017,2017-08-01
Distrito Nacional,83597192.73,8,2017,2017-08-01
Hato Mayor,6018986.91,8,2017,2017-08-01
La Altagracia,25076890.03,8,2017,2017-08-01
La Romana,27963727.47,8,2017,2017-08-01
Monte Plata,10487340.04,8,2017,2017-08-01
San Pedro de Macorís,43610277.05,8,2017,2017-08-01
Santo Domingo,212501783.81,8,2017,2017-08-01
El Seibo,4440844.88,9,2017,2017-09-01
Distrito Nacional,76784674.66,9,2017,2017-09-01
Hato Mayor,5230427.6,9,2017,2017-09-01
La Altagracia,22329440.09,9,2017,2017-09-01
La Romana,25730567.8,9,2017,2017-09-01
Monte Plata,10131422.97,9,2017,2017-09-01
San Pedro de Macorís,38598989.44,9,2017,2017-09-01
Santo Domingo,195818795.75,9,2017,2017-09-01
El Seibo,5619429.49,10,2017,2017-10-01
Distrito Nacional,79637800.16,10,2017,2017-10-01
Hato Mayor,5866303.25,10,2017,2017-10-01
La Altagracia,23301300.63,10,2017,2017-10-01
La Romana,26470860.08,10,2017,2017-10-01
Monte Plata,9036154.88,10,2017,2017-10-01
San Pedro de Macorís,42406908.47,10,2017,2017-10-01
Santo Domingo,204227714.03,10,2017,2017-10-01
El Seibo,5296442.68,11,2017,2017-11-01
Distrito Nacional,71950735.69,11,2017,2017-11-01
Hato Mayor,5364322.95,11,2017,2017-11-01
La Altagracia,21220157.56,11,2017,2017-11-01
La Romana,24131270.13,11,2017,2017-11-01
Monte Plata,8793990.82,11,2017,2017-11-01
San Pedro de Macorís,37644596.04,11,2017,2017-11-01
Santo Domingo,185692119.39,11,2017,2017-11-01
El Seibo,5792124.36,12,2017,2017-12-01
Distrito Nacional,73670970.72,12,2017,2017-12-01
Hato Mayor,5705823.18,12,2017,2017-12-01
La Altagracia,22149321.86,12,2017,2017-12-01
La Romana,25233999.2,12,2017,2017-12-01
Monte Plata,10255075.35,12,2017,2017-12-01
San Pedro de Macorís,41336558.22,12,2017,2017-12-01
Santo Domingo,190641660.35,12,2017,2017-12-01
El Seibo,5435325.79,1,2018,2018-01-01
Distrito Nacional,68246488.4,1,2018,2018-01-01
Hato Mayor,5516650.66,1,2018,2018-01-01
La Altagracia,21334106.99,1,2018,2018-01-01
La Romana,24311947.91,1,2018,2018-01-01
Monte Plata,9851059.15,1,2018,2018-01-01
San Pedro de Macorís,37101413.11,1,2018,2018-01-01
Santo Domingo,176682513.25,1,2018,2018-01-01
El Seibo,4636724.64,2,2018,2018-02-01
Distrito Nacional,59668804.95,2,2018,2018-02-01
Hato Mayor,4803687.15,2,2018,2018-02-01
La Altagracia,17925011.74,2,2018,2018-02-01
La Romana,21334254.46,2,2018,2018-02-01
Monte Plata,8281383.47,2,2018,2018-02-01
San Pedro de Macorís,32717618.59,2,2018,2018-02-01
Santo Domingo,153545789.91,2,2018,2018-02-01
El Seibo,5442591.14,3,2018,2018-03-01
Distrito Nacional,70795620.54,3,2018,2018-03-01
Hato Mayor,5628042.36,3,2018,2018-03-01
La Altagracia,20883406.45,3,2018,2018-03-01
La Romana,25481183.08,3,2018,2018-03-01
Monte Plata,9893946.54,3,2018,2018-03-01
San Pedro de Macorís,41568970.81,3,2018,2018-03-01
Santo Domingo,183293758.95,3,2018,2018-03-01
El Seibo,5585383.21,4,2018,2018-04-01
Distrito Nacional,74558711.84,4,2018,2018-04-01
Hato Mayor,5634216.37,4,2018,2018-04-01
La Altagracia,22252527.24,4,2018,2018-04-01
La Romana,25607669.5,4,2018,2018-04-01
Monte Plata,10061707.42,4,2018,2018-04-01
San Pedro de Macorís,42225077.27,4,2018,2018-04-01
Santo Domingo,190229092.24,4,2018,2018-04-01
El Seibo,5895736.14,5,2018,2018-05-01
Distrito Nacional,78597355.98,5,2018,2018-05-01
Hato Mayor,6037531.73,5,2018,2018-05-01
La Altagracia,23451194.33,5,2018,2018-05-01
La Romana,27689108.35,5,2018,2018-05-01
Monte Plata,10357194.41,5,2018,2018-05-01
San Pedro de Macorís,43906750.41,5,2018,2018-05-01
Santo Domingo,205013457.54,5,2018,2018-05-01
El Seibo,6116590.63,6,2018,2018-06-01
Distrito Nacional,80119497.69,6,2018,2018-06-01
Hato Mayor,6099621.78,6,2018,2018-06-01
La Altagracia,24789625.87,6,2018,2018-06-01
La Romana,27981019.35,6,2018,2018-06-01
Monte Plata,9352808.12,6,2018,2018-06-01
San Pedro de Macorís,45822921.59,6,2018,2018-06-01
Santo Domingo,213549912.65,6,2018,2018-06-01
El Seibo,6411609.58,7,2018,2018-07-01
Distrito Nacional,82274690.46,7,2018,2018-07-01
Hato Mayor,6592401.21,7,2018,2018-07-01
La Altagracia,26413693.78,7,2018,2018-07-01
La Romana,30010002.24,7,2018,2018-07-01
Monte Plata,9104041.88,7,2018,2018-07-01
San Pedro de Macorís,47491637.46,7,2018,2018-07-01
Santo Domingo,222302642.06,7,2018,2018-07-01
El Seibo,6648824.71,8,2018,2018-08-01
Distrito Nacional,81318866.32,8,2018,2018-08-01
Hato Mayor,6517542.27,8,2018,2018-08-01
La Altagracia,26783390.01,8,2018,2018-08-01
La Romana,29819660.17,8,2018,2018-08-01
Monte Plata,9069040.91,8,2018,2018-08-01
San Pedro de Macorís,47680770.86,8,2018,2018-08-01
Santo Domingo,216209019.86,8,2018,2018-08-01
El Seibo,6276114.99,9,2018,2018-09-01
Distrito Nacional,75563445.22,9,2018,2018-09-01
Hato Mayor,6063980.29,9,2018,2018-09-01
La Altagracia,24705427.98,9,2018,2018-09-01
La Romana,27420159.19,9,2018,2018-09-01
Monte Plata,8482331.74,9,2018,2018-09-01
San Pedro de Macorís,43992716.05,9,2018,2018-09-01
Santo Domingo,202814080.06,9,2018,2018-09-01
El Seibo,6276114.99,10,2018,2018-10-01
Distrito Nacional,75563445.22,10,2018,2018-10-01
Hato Mayor,6063980.29,10,2018,2018-10-01
La Altagracia,24705427.98,10,2018,2018-10-01
La Romana,27420159.19,10,2018,2018-10-01
Monte Plata,8482331.74,10,2018,2018-10-01
San Pedro de Macorís,43992716.05,10,2018,2018-10-01
Santo Domingo,202814080.06,10,2018,2018-10-01
El Seibo,6082724.74,11,2018,2018-11-01
Distrito Nacional,74085827.76,11,2018,2018-11-01
Hato Mayor,5876614.16,11,2018,2018-11-01
La Altagracia,23413681.66,11,2018,2018-11-01
La Romana,26351417.74,11,2018,2018-11-01
Monte Plata,8340516.57,11,2018,2018-11-01
San Pedro de Macorís,41663333.94,11,2018,2018-11-01
Santo Domingo,201024468.02,11,2018,2018-11-01
El Seibo,6276465.51,12,2018,2018-12-01
Distrito Nacional,73124775.57,12,2018,2018-12-01
Hato Mayor,5969176.44,12,2018,2018-12-01
La Altagracia,23787639.75,12,2018,2018-12-01
La Romana,26854195.7,12,2018,2018-12-01
Monte Plata,8841939.9,12,2018,2018-12-01
San Pedro de Macorís,41021360.65,12,2018,2018-12-01
Santo Domingo,203094931.4,12,2018,2018-12-01
El Seibo,5989822.81,1,2019,2019-01-01
Distrito Nacional,69123632.8,1,2019,2019-01-01
Hato Mayor,5749955.39,1,2019,2019-01-01
La Altagracia,22507849.32,1,2019,2019-01-01
La Romana,25563175.2,1,2019,2019-01-01
Monte Plata,8718791.45,1,2019,2019-01-01
San Pedro de Macorís,41570674.1,1,2019,2019-01-01
Santo Domingo,195628921.96,1,2019,2019-01-01
El Seibo,5299688.88,2,2019,2019-02-01
Distrito Nacional,64762317.42,2,2019,2019-02-01
Hato Mayor,5258145.58,2,2019,2019-02-01
La Altagracia,20785151.12,2,2019,2019-02-01
La Romana,23719285.17,2,2019,2019-02-01
Monte Plata,7966744.85,2,2019,2019-02-01
San Pedro de Macorís,37164435.96,2,2019,2019-02-01
Santo Domingo,182340634.45,2,2019,2019-02-01
El Seibo,6102411.81,3,2019,2019-03-01
Distrito Nacional,73225450.75,3,2019,2019-03-01
Hato Mayor,5924005.77,3,2019,2019-03-01
La Altagracia,23497454.25,3,2019,2019-03-01
La Romana,26580298.99,3,2019,2019-03-01
Monte Plata,8831516.09,3,2019,2019-03-01
San Pedro de Macorís,43168576.07,3,2019,2019-03-01
Santo Domingo,205504810.66,3,2019,2019-03-01
El Seibo,6366461.83,4,2019,2019-04-01
Distrito Nacional,71862054.33,4,2019,2019-04-01
Hato Mayor,6152776.7,4,2019,2019-04-01
La Altagracia,24103288.57,4,2019,2019-04-01
La Romana,27084568.68,4,2019,2019-04-01
Monte Plata,8750791.56,4,2019,2019-04-01
San Pedro de Macorís,44452838.58,4,2019,2019-04-01
Santo Domingo,205445890.57,4,2019,2019-04-01
El Seibo,5691433.72,5,2019,2019-05-01
Distrito Nacional,80160208.65,5,2019,2019-05-01
Hato Mayor,6267752.19,5,2019,2019-05-01
La Altagracia,26866026.92,5,2019,2019-05-01
La Romana,28779650.26,5,2019,2019-05-01
Monte Plata,9034193.9,5,2019,2019-05-01
San Pedro de Macorís,47668577.33,5,2019,2019-05-01
Santo Domingo,223061259.66,5,2019,2019-05-01
El Seibo,5169577.31,6,2019,2019-06-01
Distrito Nacional,80528442.82,6,2019,2019-06-01
Hato Mayor,6337265.07,6,2019,2019-06-01
La Altagracia,27418003.9,6,2019,2019-06-01
La Romana,29118071.28,6,2019,2019-06-01
Monte Plata,8824648.94,6,2019,2019-06-01
San Pedro de Macorís,47338351.16,6,2019,2019-06-01
Santo Domingo,224863102.34,6,2019,2019-06-01
El Seibo,5491163.67,7,2019,2019-07-01
Distrito Nacional,85724541.52,7,2019,2019-07-01
Hato Mayor,6848215.26,7,2019,2019-07-01
La Altagracia,30124016.02,7,2019,2019-07-01
La Romana,31245201.7,7,2019,2019-07-01
Monte Plata,9238665.3,7,2019,2019-07-01
San Pedro de Macorís,46385808.56,7,2019,2019-07-01
Santo Domingo,231121919.08,7,2019,2019-07-01
El Seibo,5461671.143,8,2019,2019-08-01
Distrito Nacional,87963918.7,8,2019,2019-08-01
Hato Mayor,6908058.354,8,2019,2019-08-01
La Altagracia,31853841.42,8,2019,2019-08-01
La Romana,31615880.96,8,2019,2019-08-01
Monte Plata,9138362.617,8,2019,2019-08-01
San Pedro de Macorís,46232248.1,8,2019,2019-08-01
Santo Domingo,238286899.1,8,2019,2019-08-01
El Seibo,5390014.484,9,2019,2019-09-01
Distrito Nacional,86729284.11,9,2019,2019-09-01
Hato Mayor,6768731.083,9,2019,2019-09-01
La Altagracia,30543418.15,9,2019,2019-09-01
La Romana,29367150.2,9,2019,2019-09-01
Monte Plata,9615431.397,9,2019,2019-09-01
San Pedro de Macorís,45651194.2,9,2019,2019-09-01
Santo Domingo,240887487.4,9,2019,2019-09-01
El Seibo,5479154.576,10,2019,2019-10-01
Distrito Nacional,87297169.54,10,2019,2019-10-01
Hato Mayor,6774386.084,10,2019,2019-10-01
La Altagracia,30579927.13,10,2019,2019-10-01
La Romana,30012233.01,10,2019,2019-10-01
Monte Plata,10135791.1,10,2019,2019-10-01
San Pedro de Macorís,50354445.76,10,2019,2019-10-01
Santo Domingo,239775493.8,10,2019,2019-10-01
El Seibo,5009851.876,11,2019,2019-11-01
Distrito Nacional,78946785.2,11,2019,2019-11-01
Hato Mayor,6315087.921,11,2019,2019-11-01
La Altagracia,28180162.81,11,2019,2019-11-01
La Romana,26503958.5,11,2019,2019-11-01
Monte Plata,8889971.054,11,2019,2019-11-01
San Pedro de Macorís,44780560.82,11,2019,2019-11-01
Santo Domingo,220065782.0,11,2019,2019-11-01
El Seibo,5296248.241,12,2019,2019-12-01
Distrito Nacional,78752261.22,12,2019,2019-12-01
Hato Mayor,6655031.536,12,2019,2019-12-01
La Altagracia,28112089.95,12,2019,2019-12-01
La Romana,27558372.82,12,2019,2019-12-01
Monte Plata,9803170.424,12,2019,2019-12-01
San Pedro de Macorís,45453820.76,12,2019,2019-12-01
Santo Domingo,222399724.8,12,2019,2019-12-01
El Seibo,4956713.367,1,2020,2020-01-01
Distrito Nacional,6458741.638,1,2020,2020-01-01
Hato Mayor,26498443.27,1,2020,2020-01-01
La Altagracia,74062085.45,1,2020,2020-01-01
La Romana,26796188.18,1,2020,2020-01-01
Monte Plata,9969951.635,1,2020,2020-01-01
San Pedro de Macorís,43336484.95,1,2020,2020-01-01
Santo Domingo,216095374.5,1,2020,2020-01-01
El Seibo,4750143.174,2,2020,2020-02-01
Distrito Nacional,6115326.756,2,2020,2020-02-01
Hato Mayor,25557046.38,2,2020,2020-02-01
La Altagracia,72223424.04,2,2020,2020-02-01
La Romana,25978465.58,2,2020,2020-02-01
Monte Plata,9870280.722,2,2020,2020-02-01
San Pedro de Macorís,41719380.58,2,2020,2020-02-01
Santo Domingo,208154515.3,2,2020,2020-02-01
El Seibo,5055770.135,3,2020,2020-03-01
Distrito Nacional,6398354.482,3,2020,2020-03-01
Hato Mayor,27018398.03,3,2020,2020-03-01
La Altagracia,70935944.57,3,2020,2020-03-01
La Romana,27414407.32,3,2020,2020-03-01
Monte Plata,12901000.73,3,2020,2020-03-01
San Pedro de Macorís,41972509.76,3,2020,2020-03-01
Santo Domingo,216871151.8,3,2020,2020-03-01
El Seibo,5513640.479,4,2020,2020-04-01
Distrito Nacional,6876444.55,4,2020,2020-04-01
Hato Mayor,29371043.66,4,2020,2020-04-01
La Altagracia,68281158.11,4,2020,2020-04-01
La Romana,29068514.55,4,2020,2020-04-01
Monte Plata,13619473.32,4,2020,2020-04-01
San Pedro de Macorís,38290857.92,4,2020,2020-04-01
Santo Domingo,231415534.0,4,2020,2020-04-01
El Seibo,5850052.588,5,2020,2020-05-01
Distrito Nacional,7228355.72,5,2020,2020-05-01
Hato Mayor,31967050.19,5,2020,2020-05-01
La Altagracia,77753377.63,5,2020,2020-05-01
La Romana,32184221.43,5,2020,2020-05-01
Monte Plata,14605096.61,5,2020,2020-05-01
San Pedro de Macorís,44793901.24,5,2020,2020-05-01
Santo Domingo,255382226.1,5,2020,2020-05-01
El Seibo,5920935.404,6,2020,2020-06-01
Distrito Nacional,7522603.996,6,2020,2020-06-01
Hato Mayor,33225881.83,6,2020,2020-06-01
La Altagracia,84894649.18,6,2020,2020-06-01
La Romana,32917989.69,6,2020,2020-06-01
Monte Plata,14922670.61,6,2020,2020-06-01
San Pedro de Macorís,50996659.7,6,2020,2020-06-01
Santo Domingo,263645136.3,6,2020,2020-06-01
El Seibo,6271518.274,7,2020,2020-07-01
Distrito Nacional,7749009.424,7,2020,2020-07-01
Hato Mayor,34280286.37,7,2020,2020-07-01
La Altagracia,87825952.86,7,2020,2020-07-01
La Romana,34777391.0,7,2020,2020-07-01
Monte Plata,15020516.23,7,2020,2020-07-01
San Pedro de Macorís,53398999.38,7,2020,2020-07-01
Santo Domingo,271945827.3,7,2020,2020-07-01
El Seibo,6271518.274,8,2020,2020-08-01
Distrito Nacional,7749009.424,8,2020,2020-08-01
Hato Mayor,34280286.37,8,2020,2020-08-01
La Altagracia,87825952.86,8,2020,2020-08-01
La Romana,34777391.0,8,2020,2020-08-01
Monte Plata,15020516.23,8,2020,2020-08-01
San Pedro de Macorís,53398999.38,8,2020,2020-08-01
Santo Domingo,271945827.3,8,2020,2020-08-01
El Seibo,6190605.246,9,2020,2020-09-01
Distrito Nacional,7532005.519,9,2020,2020-09-01
Hato Mayor,32943272.29,9,2020,2020-09-01
La Altagracia,83820846.03,9,2020,2020-09-01
La Romana,33094566.53,9,2020,2020-09-01
Monte Plata,14583721.42,9,2020,2020-09-01
San Pedro de Macorís,50680792.41,9,2020,2020-09-01
Santo Domingo,259679108.0,9,2020,2020-09-01
El Seibo,6274931.91,10,2020,2020-10-01
Distrito Nacional,7809365.679,10,2020,2020-10-01
Hato Mayor,33764592.23,10,2020,2020-10-01
La Altagracia,86402390.14,10,2020,2020-10-01
La Romana,35096183.13,10,2020,2020-10-01
Monte Plata,14959630.46,10,2020,2020-10-01
San Pedro de Macorís,51232901.6,10,2020,2020-10-01
Santo Domingo,266694898.4,10,2020,2020-10-01
El Seibo,5498857.134,11,2020,2020-11-01
Distrito Nacional,6929664.637,11,2020,2020-11-01
Hato Mayor,29409955.14,11,2020,2020-11-01
La Altagracia,75378390.16,11,2020,2020-11-01
La Romana,30143972.69,11,2020,2020-11-01
Monte Plata,13580979.77,11,2020,2020-11-01
San Pedro de Macorís,43587701.0,11,2020,2020-11-01
Santo Domingo,234111243.5,11,2020,2020-11-01
El Seibo,5829750.803,12,2020,2020-12-01
Distrito Nacional,7140747.104,12,2020,2020-12-01
Hato Mayor,29781810.42,12,2020,2020-12-01
La Altagracia,77081561.77,12,2020,2020-12-01
La Romana,31489005.01,12,2020,2020-12-01
Monte Plata,14482912.63,12,2020,2020-12-01
San Pedro de Macorís,47626913.48,12,2020,2020-12-01
Santo Domingo,241790955.2,12,2020,2020-12-01
El Seibo,5634559.612,1,2021,2021-01-01
Distrito Nacional,72004984.31,1,2021,2021-01-01
Hato Mayor,6862823.358,1,2021,2021-01-01
La Altagracia,28692965.35,1,2021,2021-01-01
La Romana,29682438.07,1,2021,2021-01-01
Monte Plata,14301653.71,1,2021,2021-01-01
San Pedro de Macorís,46391012.81,1,2021,2021-01-01
Santo Domingo,234999778.1,1,2021,2021-01-01
El Seibo,5206171.582,2,2021,2021-02-01
Distrito Nacional,68821557.23,2,2021,2021-02-01
Hato Mayor,6434527.286,2,2021,2021-02-01
La Altagracia,26642788.77,2,2021,2021-02-01
La Romana,28083558.52,2,2021,2021-02-01
Monte Plata,13030428.83,2,2021,2021-02-01
San Pedro de Macorís,44294779.62,2,2021,2021-02-01
Santo Domingo,220172147.2,2,2021,2021-02-01
El Seibo,5853637.513,3,2021,2021-03-01
Distrito Nacional,76860412.48,3,2021,2021-03-01
Hato Mayor,7117872.035,3,2021,2021-03-01
La Altagracia,29998226.24,3,2021,2021-03-01
La Romana,31044220.58,3,2021,2021-03-01
Monte Plata,14583245.98,3,2021,2021-03-01
San Pedro de Macorís,48442995.37,3,2021,2021-03-01
Santo Domingo,242223169.0,3,2021,2021-03-01
El Seibo,5940652.085,4,2021,2021-04-01
Distrito Nacional,77243832.22,4,2021,2021-04-01
Hato Mayor,7166517.063,4,2021,2021-04-01
La Altagracia,30393925.73,4,2021,2021-04-01
La Romana,31487092.59,4,2021,2021-04-01
Monte Plata,14643276.22,4,2021,2021-04-01
San Pedro de Macorís,40877307.42,4,2021,2021-04-01
Santo Domingo,246953343.0,4,2021,2021-04-01
El Seibo,6629856.35,5,2021,2021-05-01
Distrito Nacional,85510070.33,5,2021,2021-05-01
Hato Mayor,7859447.48,5,2021,2021-05-01
La Altagracia,35109107.41,5,2021,2021-05-01
La Romana,35250269.36,5,2021,2021-05-01
Monte Plata,15174647.87,5,2021,2021-05-01
San Pedro de Macorís,45354335.48,5,2021,2021-05-01
Santo Domingo,270869755.15,5,2021,2021-05-01
El Seibo,6450653.95,6,2021,2021-06-01
Distrito Nacional,81048987.88,6,2021,2021-06-01
Hato Mayor,7622906.62,6,2021,2021-06-01
La Altagracia,34256282.09,6,2021,2021-06-01
La Romana,34194945.59,6,2021,2021-06-01
Monte Plata,14479058.19,6,2021,2021-06-01
San Pedro de Macorís,44462345.86,6,2021,2021-06-01
Santo Domingo,258113589.64,6,2021,2021-06-01
El Seibo,6818573.67,7,2021,2021-07-01
Distrito Nacional,89237468.39,7,2021,2021-07-01
Hato Mayor,8412163.83,7,2021,2021-07-01
La Altagracia,36917834.57,7,2021,2021-07-01
La Romana,37250572.66,7,2021,2021-07-01
Monte Plata,16000550.67,7,2021,2021-07-01
San Pedro de Macorís,47832019.07,7,2021,2021-07-01
Santo Domingo,279308842.33,7,2021,2021-07-01
El Seibo,7168508.91,8,2021,2021-08-01
Distrito Nacional,87325362.84,8,2021,2021-08-01
Hato Mayor,8397741.62,8,2021,2021-08-01
La Altagracia,37553070.51,8,2021,2021-08-01
La Romana,37995988.18,8,2021,2021-08-01
Monte Plata,16190120.84,8,2021,2021-08-01
San Pedro de Macorís,47309656.23,8,2021,2021-08-01
Santo Domingo,269794428.6,8,2021,2021-08-01
El Seibo,6644495.24,9,2021,2021-09-01
Distrito Nacional,92278521.84,9,2021,2021-09-01
Hato Mayor,8026494.89,9,2021,2021-09-01
La Altagracia,36539106.43,9,2021,2021-09-01
La Romana,37702189.4,9,2021,2021-09-01
Monte Plata,16366401.31,9,2021,2021-09-01
San Pedro de Macorís,47311494.31,9,2021,2021-09-01
Santo Domingo,287182692.4,9,2021,2021-09-01
El Seibo,6729289.06,10,2021,2021-10-01
Distrito Nacional,90332007.95,10,2021,2021-10-01
Hato Mayor,8108128.67,10,2021,2021-10-01
La Altagracia,36612037.84,10,2021,2021-10-01
La Romana,37178542.2,10,2021,2021-10-01
Monte Plata,16073293.44,10,2021,2021-10-01
San Pedro de Macorís,46553658.09,10,2021,2021-10-01
Santo Domingo,278981288.42,10,2021,2021-10-01
El Seibo,6494117.42,11,2021,2021-11-01
Distrito Nacional,86974968.99,11,2021,2021-11-01
Hato Mayor,7938212.95,11,2021,2021-11-01
La Altagracia,34197099.51,11,2021,2021-11-01
La Romana,35190637.53,11,2021,2021-11-01
Monte Plata,15580123.97,11,2021,2021-11-01
San Pedro de Macorís,44985584.08,11,2021,2021-11-01
Santo Domingo,264994863.25,11,2021,2021-11-01
El Seibo,6598628.9,12,2021,2021-12-01
Distrito Nacional,81298990.82,12,2021,2021-12-01
Hato Mayor,7811136.99,12,2021,2021-12-01
La Altagracia,33587395.19,12,2021,2021-12-01
La Romana,34253634.1,12,2021,2021-12-01
Monte Plata,16007469.72,12,2021,2021-12-01
San Pedro de Macorís,44150899.62,12,2021,2021-12-01
Santo Domingo,249604089.23,12,2021,2021-12-01
El Seibo,6220009.98,1,2022,2022-01-01
Distrito Nacional,78210419.06,1,2022,2022-01-01
Hato Mayor,7347101.48,1,2022,2022-01-01
La Altagracia,31984124.1,1,2022,2022-01-01
La Romana,32525460.12,1,2022,2022-01-01
Monte Plata,15330608.59,1,2022,2022-01-01
San Pedro de Macorís,43301215.55,1,2022,2022-01-01
Santo Domingo,245592225.29,1,2022,2022-01-01
El Seibo,5385989.28,2,2022,2022-02-01
Distrito Nacional,69642425.9,2,2022,2022-02-01
Hato Mayor,6415197.909,2,2022,2022-02-01
La Altagracia,28178863.45,2,2022,2022-02-01
La Romana,28901149.74,2,2022,2022-02-01
Monte Plata,13313722.29,2,2022,2022-02-01
San Pedro de Macorís,37502532.72,2,2022,2022-02-01
Santo Domingo,213185401.9,2,2022,2022-02-01
El Seibo,6381239.968,3,2022,2022-03-01
Distrito Nacional,79795162.65,3,2022,2022-03-01
Hato Mayor,7602601.992,3,2022,2022-03-01
La Altagracia,33703027.43,3,2022,2022-03-01
La Romana,33769558.5,3,2022,2022-03-01
Monte Plata,15181101.73,3,2022,2022-03-01
San Pedro de Macorís,44518899.05,3,2022,2022-03-01
Santo Domingo,246591044.0,3,2022,2022-03-01
El Seibo,6317641.439,4,2022,2022-04-01
Distrito Nacional,76105332.83,4,2022,2022-04-01
Hato Mayor,7418023.589,4,2022,2022-04-01
La Altagracia,32769207.96,4,2022,2022-04-01
La Romana,33097724.28,4,2022,2022-04-01
Monte Plata,15111188.38,4,2022,2022-04-01
San Pedro de Macorís,43748036.22,4,2022,2022-04-01
Santo Domingo,239008793.5,4,2022,2022-04-01
El Seibo,7114519.2760662995,5,2022,2022-05-01
Distrito Nacional,87758015.99272077,5,2022,2022-05-01
Hato Mayor,8152060.68575311,5,2022,2022-05-01
La Altagracia,37554453.88501038,5,2022,2022-05-01
La Romana,36484866.41055159,5,2022,2022-05-01
Monte Plata,16425226.793445908,5,2022,2022-05-01
San Pedro de Macorís,49336314.7011263,5,2022,2022-05-01
Santo Domingo,274080090.85898095,5,2022,2022-05-01
El Seibo,7429783.424765499,6,2022,2022-06-01
Distrito Nacional,92540137.67749786,6,2022,2022-06-01
Hato Mayor,8604461.919780802,6,2022,2022-06-01
La Altagracia,39415851.65779801,6,2022,2022-06-01
La Romana,39127596.21702974,6,2022,2022-06-01
Monte Plata,17161428.470772307,6,2022,2022-06-01
San Pedro de Macorís,52085060.70008521,6,2022,2022-06-01
Santo Domingo,289215229.6987424,6,2022,2022-06-01
El Seibo,7684754.750239493,7,2022,2022-07-01
Distrito Nacional,89581714.32202959,7,2022,2022-07-01
Hato Mayor,8820771.386525488,7,2022,2022-07-01
La Altagracia,40878136.0565496,7,2022,2022-07-01
La Romana,39968060.24855013,7,2022,2022-07-01
Monte Plata,17268119.84746191,7,2022,2022-07-01
San Pedro de Macorís,50914118.046156034,7,2022,2022-07-01
Santo Domingo,279106531.9437887,7,2022,2022-07-01
El Seibo,7758871.362981895,8,2022,2022-08-01
Distrito Nacional,94017194.34278688,8,2022,2022-08-01
Hato Mayor,8832677.422460897,8,2022,2022-08-01
La Altagracia,42266900.80744549,8,2022,2022-08-01
La Romana,40910357.81409068,8,2022,2022-08-01
Monte Plata,18027617.039998498,8,2022,2022-08-01
San Pedro de Macorís,52459040.3863896,8,2022,2022-08-01
Santo Domingo,292029347.2749281,8,2022,2022-08-01
El Seibo,5777729.848167603,9,2022,2022-09-01
Distrito Nacional,89526195.71840787,9,2022,2022-09-01
Hato Mayor,7258984.079183711,9,2022,2022-09-01
La Altagracia,30102963.336210266,9,2022,2022-09-01
La Romana,33368587.956439577,9,2022,2022-09-01
Monte Plata,16238593.849864408,9,2022,2022-09-01
San Pedro de Macorís,46917311.19645472,9,2022,2022-09-01
Santo Domingo,276742779.2046077,9,2022,2022-09-01
El Seibo,6153727.46028029,10,2022,2022-10-01
Distrito Nacional,85903690.43501416,10,2022,2022-10-01
Hato Mayor,7949419.327820696,10,2022,2022-10-01
La Altagracia,36258001.62403664,10,2022,2022-10-01
La Romana,38122422.574513994,10,2022,2022-10-01
Monte Plata,17467325.992531408,10,2022,2022-10-01
San Pedro de Macorís,49303018.51956468,10,2022,2022-10-01
Santo Domingo,281526311.6455605,10,2022,2022-10-01
El Seibo,6429095.0055578975,11,2022,2022-11-01
Distrito Nacional,78278961.47215304,11,2022,2022-11-01
Hato Mayor,7703515.7541269,11,2022,2022-11-01
La Altagracia,34019158.497563004,11,2022,2022-11-01
La Romana,33834386.1180341,11,2022,2022-11-01
Monte Plata,16795447.726478,11,2022,2022-11-01
San Pedro de Macorís,44820220.64815529,11,2022,2022-11-01
Santo Domingo,249035447.9718782,11,2022,2022-11-01
El Seibo,6214450.644216791,12,2022,2022-12-01
Distrito Nacional,75741873.35564095,12,2022,2022-12-01
Hato Mayor,7505105.478565799,12,2022,2022-12-01
La Altagracia,33097073.585501306,12,2022,2022-12-01
La Romana,32563316.004969265,12,2022,2022-12-01
Monte Plata,16385565.212175094,12,2022,2022-12-01
San Pedro de Macorís,43409659.94369481,12,2022,2022-12-01
Santo Domingo,241411306.02362427,12,2022,2022-12-01
El Seibo,5887389.290550193,1,2023,2023-01-01
Distrito Nacional,71769196.41554146,1,2023,2023-01-01
Hato Mayor,7371536.500732402,1,2023,2023-01-01
La Altagracia,31990644.530105993,1,2023,2023-01-01
La Romana,31548670.26918826,1,2023,2023-01-01
Monte Plata,16045254.004633095,1,2023,2023-01-01
San Pedro de Macorís,41964216.755823396,1,2023,2023-01-01
Santo Domingo,232498795.10344583,1,2023,2023-01-01
El Seibo,5529208.307790698,2,2023,2023-02-01
Distrito Nacional,66834290.95173398,2,2023,2023-02-01
Hato Mayor,6747949.4126480995,2,2023,2023-02-01
La Altagracia,29356858.27786581,2,2023,2023-02-01
La Romana,28616400.04346083,2,2023,2023-02-01
Monte Plata,14503357.3559976,2,2023,2023-02-01
San Pedro de Macorís,38982179.45262158,2,2023,2023-02-01
Santo Domingo,217331744.666092,2,2023,2023-02-01
El Seibo,5529208.3077907,3,2023,2023-03-01
Distrito Nacional,66834290.95173398,3,2023,2023-03-01
Hato Mayor,6747949.4126480995,3,2023,2023-03-01
La Altagracia,29356858.27786581,3,2023,2023-03-01
La Romana,28616400.04346083,3,2023,2023-03-01
Monte Plata,14503357.3559976,3,2023,2023-03-01
San Pedro de Macorís,38982179.45262158,3,2023,2023-03-01
Santo Domingo,217331744.666092,3,2023,2023-03-01
El Seibo,6768270.646899405,4,2023,2023-04-01
Distrito Nacional,78531010.57106647,4,2023,2023-04-01
Hato Mayor,7901289.991294903,4,2023,2023-04-01
La Altagracia,34885890.72320235,4,2023,2023-04-01
La Romana,35405080.69374121,4,2023,2023-04-01
Monte Plata,17252113.5708657,4,2023,2023-04-01
San Pedro de Macorís,48232679.63075864,4,2023,2023-04-01
Santo Domingo,263132711.83782813,4,2023,2023-04-01
El Seibo,7734052.06,5,2023,2023-05-01
Distrito Nacional,90807586.33,5,2023,2023-05-01
Hato Mayor,9235433.07,5,2023,2023-05-01
La Altagracia,41843065.85,5,2023,2023-05-01
La Romana,41230976.07,5,2023,2023-05-01
Monte Plata,19529640.19,5,2023,2023-05-01
San Pedro de Macorís,55633439.41,5,2023,2023-05-01
Santo Domingo,308640747.09,5,2023,2023-05-01
El Seibo,8130249.2239557,6,2023,2023-06-01
Distrito Nacional,96538785.3667799,6,2023,2023-06-01
Hato Mayor,10003460.923036711,6,2023,2023-06-01
La Altagracia,43063524.92891389,6,2023,2023-06-01
La Romana,42582401.047301784,6,2023,2023-06-01
Monte Plata,19876187.07745941,6,2023,2023-06-01
San Pedro de Macorís,58569519.334929,6,2023,2023-06-01
Santo Domingo,325023601.4576478,6,2023,2023-06-01
El Seibo,8927176.926174005,7,2023,2023-07-01
Distrito Nacional,98502172.7003737,7,2023,2023-07-01
Hato Mayor,10120644.994910296,7,2023,2023-07-01
La Altagracia,46596961.705773205,7,2023,2023-07-01
La Romana,45680833.617125005,7,2023,2023-07-01
Monte Plata,20210110.3700739,7,2023,2023-07-01
San Pedro de Macorís,60591123.37485378,7,2023,2023-07-01
Santo Domingo,329047753.6397129,7,2023,2023-07-01
El Seibo,8572848.8476101,8,2023,2023-08-01
Distrito Nacional,98841120.08516881,8,2023,2023-08-01
Hato Mayor,10291139.755445404,8,2023,2023-08-01
La Altagracia,45824573.18811978,8,2023,2023-08-01
La Romana,45736032.92691049,8,2023,2023-08-01
Monte Plata,20088080.4475255,8,2023,2023-08-01
San Pedro de Macorís,57801114.15655239,8,2023,2023-08-01
Santo Domingo,320218806.6203187,8,2023,2023-08-01
El Seibo,8571256.327946698,9,2023,2023-09-01
Distrito Nacional,101530904.40348092,9,2023,2023-09-01
Hato Mayor,10090051.6566644,9,2023,2023-09-01
La Altagracia,47276221.143343136,9,2023,2023-09-01
La Romana,45029437.82102387,9,2023,2023-09-01
Monte Plata,20426269.503364794,9,2023,2023-09-01
San Pedro de Macorís,57488261.6287112,9,2023,2023-09-01
Santo Domingo,328326229.64221853,9,2023,2023-09-01
El Seibo,8917367.538091091,10,2023,2023-10-01
Distrito Nacional,105885770.49316308,10,2023,2023-10-01
Hato Mayor,10720922.214585407,10,2023,2023-10-01
La Altagracia,47874659.65681591,10,2023,2023-10-01
La Romana,46346955.82902531,10,2023,2023-10-01
Monte Plata,21542487.47863631,10,2023,2023-10-01
San Pedro de Macorís,58728721.69759373,10,2023,2023-10-01
Santo Domingo,341256978.7049666,10,2023,2023-10-01
El Seibo,7819057.9831579095,11,2023,2023-11-01
Distrito Nacional,88793308.10167284,11,2023,2023-11-01
Hato Mayor,9004094.858557101,11,2023,2023-11-01
La Altagracia,41274004.288578324,11,2023,2023-11-01
La Romana,41083694.26970218,11,2023,2023-11-01
Monte Plata,18685493.597700585,11,2023,2023-11-01
San Pedro de Macorís,51043106.34934622,11,2023,2023-11-01
Santo Domingo,287679507.3280171,11,2023,2023-11-01
Distrito Nacional,84974541.21326913,12,2023,2023-12-01
Hato Mayor,8748703.75530081,12,2023,2023-12-01
La Altagracia,38923890.32890336,12,2023,2023-12-01
La Romana,38547024.54613694,12,2023,2023-12-01
Monte Plata,18211843.5936582,12,2023,2023-12-01
San Pedro de Macorís,49754866.87749329,12,2023,2023-12-01
Santo Domingo,271815527.6454828,12,2023,2023-12-01
Distrito Nacional,86755336.14020444,1,2024,2024-01-01
Hato Mayor,9030852.091018312,1,2024,2024-01-01
La Altagracia,41171087.22821172,1,2024,2024-01-01
La Romana,39437590.26826694,1,2024,2024-01-01
Monte Plata,19285141.21424821,1,2024,2024-01-01
San Pedro de Macorís,51371237.92029225,1,2024,2024-01-01
Santo Domingo,284402750.40426147,1,2024,2024-01-01
Distrito Nacional,77743839.5239321,2,2024,2024-02-01
Hato Mayor,8039665.768978698,2,2024,2024-02-01
La Altagracia,36001122.00314586,2,2024,2024-02-01
La Romana,35642995.946343176,2,2024,2024-02-01
Monte Plata,17397691.786766704,2,2024,2024-02-01
San Pedro de Macorís,45835311.05820231,2,2024,2024-02-01
Santo Domingo,255884620.77181342,2,2024,2024-02-01
Distrito Nacional,90376317.02143277,3,2024,2024-03-01
Hato Mayor,9359401.361713301,3,2024,2024-03-01
La Altagracia,42485242.26806135,3,2024,2024-03-01
La Romana,40705916.0357416,3,2024,2024-03-01
Monte Plata,20748903.68600269,3,2024,2024-03-01
San Pedro de Macorís,53550249.83047891,3,2024,2024-03-01
Santo Domingo,296631552.01533,3,2024,2024-03-01
Distrito Nacional,90895955.6000205,4,2024,2024-04-01
Hato Mayor,9575103.262428094,4,2024,2024-04-01
La Altagracia,41766244.401274405,4,2024,2024-04-01
La Romana,41000909.78033108,4,2024,2024-04-01
Monte Plata,19649007.667155,4,2024,2024-04-01
San Pedro de Macorís,54135390.969751574,4,2024,2024-04-01
Santo Domingo,294475269.75611484,4,2024,2024-04-01
El Seibo,8349818.347825598,4,2024,2024-04-01
Distrito Nacional,100513372.71583584,5,2024,2024-05-01
Hato Mayor,10200745.008889899,5,2024,2024-05-01
La Altagracia,46492493.974494934,5,2024,2024-05-01
La Romana,45683084.13720926,5,2024,2024-05-01
Monte Plata,21516337.758562703,5,2024,2024-05-01
San Pedro de Macorís,60436954.703731075,5,2024,2024-05-01
Santo Domingo,326804675.08200866,5,2024,2024-05-01
El Seibo,9146671.3024428,5,2024,2024-05-01
Distrito Nacional,102751502.48,6,2024,2024-06-01
Hato Mayor,10985800.7,6,2024,2024-06-01
La Altagracia,49184991.47,6,2024,2024-06-01
La Romana,47165776.81,6,2024,2024-06-01
Monte Plata,21886942.43,6,2024,2024-06-01
San Pedro de Macorís,62705570.21,6,2024,2024-06-01
Santo Domingo,340973365.8,6,2024,2024-06-01
El Seibo,9654323.38,6,2024,2024-06-01
Distrito Nacional,104023413.38886616,7,2024,2024-07-01
Hato Mayor,11787279.650136506,7,2024,2024-07-01
La Altagracia,51646491.492782414,7,2024,2024-07-01
La Romana,48322103.78881082,7,2024,2024-07-01
Monte Plata,22299964.514503606,7,2024,2024-07-01
San Pedro de Macorís,63852157.30681372,7,2024,2024-07-01
Santo Domingo,338054628.41236836,7,2024,2024-07-01
El Seibo,10518603.571293091,7,2024,2024-07-01
Distrito Nacional,111534140.57549304,8,2024,2024-08-01
Hato Mayor,12076384.19592389,8,2024,2024-08-01
La Altagracia,55039255.640285894,8,2024,2024-08-01
La Romana,52856219.49614739,8,2024,2024-08-01
Monte Plata,22776267.065750208,8,2024,2024-08-01
San Pedro de Macorís,66942241.62052812,8,2024,2024-08-01
Santo Domingo,364484169.9383079,8,2024,2024-08-01
El Seibo,10634569.124637805,8,2024,2024-08-01
Distrito Nacional,105449082.61036807,9,2024,2024-09-01
Hato Mayor,11603417.190964911,9,2024,2024-09-01
La Altagracia,53772096.82230838,9,2024,2024-09-01
La Romana,49894200.685197,9,2024,2024-09-01
Monte Plata,22101690.608967707,9,2024,2024-09-01
San Pedro de Macorís,62668539.09199752,9,2024,2024-09-01
Santo Domingo,343504592.28022414,9,2024,2024-09-01
El Seibo,10224922.157142906,9,2024,2024-09-01
Distrito Nacional,111637288.0471822,10,2024,2024-10-01
Hato Mayor,11646912.349819997,10,2024,2024-10-01
La Altagracia,55568101.121732675,10,2024,2024-10-01
La Romana,51837933.35091392,10,2024,2024-10-01
Monte Plata,23443864.028897498,10,2024,2024-10-01
San Pedro de Macorís,65509892.61776757,10,2024,2024-10-01
Santo Domingo,367521816.88990605,10,2024,2024-10-01
El Seibo,10271456.656130001,10,2024,2024-10-01
Distrito Nacional,87931299.91585554,11,2024,2024-11-01
Hato Mayor,9945057.945228005,11,2024,2024-11-01
La Altagracia,43825670.84620931,11,2024,2024-11-01
La Romana,41637953.76871253,11,2024,2024-11-01
Monte Plata,19728887.825224802,11,2024,2024-11-01
San Pedro de Macorís,53704898.37428977,11,2024,2024-11-01
Santo Domingo,288897981.46050596,11,2024,2024-11-01
El Seibo,8134107.847663894,11,2024,2024-11-01
Distrito Nacional,90254963.6556162,12,2024,2024-12-01
Hato Mayor,10297136.159940701,12,2024,2024-12-01
La Altagracia,45536226.12849532,12,2024,2024-12-01
La Romana,42417500.8320758,12,2024,2024-12-01
Monte Plata,21184936.952513494,12,2024,2024-12-01
San Pedro de Macorís,54216937.91200098,12,2024,2024-12-01
Santo Domingo,296084609.3686881,12,2024,2024-12-01
El Seibo,8531603.00488531,12,2024,2024-12-01
Distrito Nacional,84382689.97468406,1,2025,2025-01-01
Hato Mayor,9417083.061670102,1,2025,2025-01-01
La Altagracia,41038263.91494678,1,2025,2025-01-01
La Romana,39562601.03871242,1,2025,2025-01-01
Monte Plata,19399580.75203211,1,2025,2025-01-01
San Pedro de Macorís,51459407.90451902,1,2025,2025-01-01
Santo Domingo,275622768.0444331,1,2025,2025-01-01
El Seibo,7701583.082908095,1,2025,2025-01-01
Distrito Nacional,76809217.98968685,2,2025,2025-02-01
Hato Mayor,8841981.664767692,2,2025,2025-02-01
La Altagracia,38513303.404985316,2,2025,2025-02-01
La Romana,35860894.31744343,2,2025,2025-02-01
Monte Plata,18046088.438545503,2,2025,2025-02-01
San Pedro de Macorís,47766315.52548929,2,2025,2025-02-01
Santo Domingo,252460487.67046145,2,2025,2025-02-01
El Seibo,7119681.127879802,2,2025,2025-02-01
Distrito Nacional,93710296.13388209,3,2025,2025-03-01
Hato Mayor,10741353.042735692,3,2025,2025-03-01
La Altagracia,47829180.66610901,3,2025,2025-03-01
La Romana,43069731.58077726,3,2025,2025-03-01
Monte Plata,21714803.79618579,3,2025,2025-03-01
San Pedro de Macorís,58499476.92325872,3,2025,2025-03-01
Santo Domingo,312775849.5846154,3,2025,2025-03-01
El Seibo,8575599.266981594,3,2025,2025-03-01
Distrito Nacional,87436069.3942822,4,2025,2025-04-01
Hato Mayor,10231830.742674014,4,2025,2025-04-01
La Altagracia,46223682.25412627,4,2025,2025-04-01
La Romana,42284273.10208889,4,2025,2025-04-01
Monte Plata,20933149.995467104,4,2025,2025-04-01
San Pedro de Macorís,56612447.12002077,4,2025,2025-04-01
Santo Domingo,299385155.8807698,4,2025,2025-04-01
El Seibo,8459454.672391199,4,2025,2025-04-01
Distrito Nacional,98958423.9000059,5,2025,2025-05-01
Hato Mayor,11390453.042158902,5,2025,2025-05-01
La Altagracia,52595378.360240065,5,2025,2025-05-01
La Romana,46571004.07413955,5,2025,2025-05-01
Monte Plata,22372153.033477925,5,2025,2025-05-01
San Pedro de Macorís,61415158.38168521,5,2025,2025-05-01
Santo Domingo,334403677.18200713,5,2025,2025-05-01
El Seibo,9431214.83704309,5,2025,2025-05-01
Distrito Nacional,96790288.6,6,2025,2025-06-01
Hato Mayor,12233240.25,6,2025,2025-06-01
La Altagracia,54169033.2,6,2025,2025-06-01
La Romana,48577184.54,6,2025,2025-06-01
Monte Plata,22667663.32,6,2025,2025-06-01
San Pedro de Macorís,64709995.21,6,2025,2025-06-01
Santo Domingo,329185156.31,6,2025,2025-06-01
El Seibo,9899482.98,6,2025,2025-06-01
Distrito Nacional,106432412.8823594,7,2025,2025-07-01
Hato Mayor,13120367.788604703,7,2025,2025-07-01
La Altagracia,60536457.45845819,7,2025,2025-07-01
La Romana,53031830.34161416,7,2025,2025-07-01
Monte Plata,24226412.555567794,7,2025,2025-07-01
San Pedro de Macorís,70329328.56263645,7,2025,2025-07-01
Santo Domingo,362216520.36438453,7,2025,2025-07-01
El Seibo,10887390.384160703,7,2025,2025-07-01
Distrito Nacional,112701952.78825936,8,2025,2025-08-01
Hato Mayor,13588225.626535807,8,2025,2025-08-01
La Altagracia,62615378.35171148,8,2025,2025-08-01
La Romana,55495258.55946259,8,2025,2025-08-01
Monte Plata,25504652.892171804,8,2025,2025-08-01
San Pedro de Macorís,70753534.45561115,8,2025,2025-08-01
Santo Domingo,385826029.98410875,8,2025,2025-08-01
El Seibo,10927127.048528286,8,2025,2025-08-01
Distrito Nacional,109787917.22233707,9,2025,2025-09-01
Hato Mayor,12840386.398805989,9,2025,2025-09-01
La Altagracia,58371848.189870134,9,2025,2025-09-01
La Romana,51802757.19754162,9,2025,2025-09-01
Monte Plata,24589184.375936396,9,2025,2025-09-01
San Pedro de Macorís,66270855.87321368,9,2025,2025-09-01
Santo Domingo,376637510.5402286,9,2025,2025-09-01
El Seibo,9382107.936763892,9,2025,2025-09-01
Distrito Nacional,102482743.6052505,10,2025,2025-10-01
Hato Mayor,12836708.032847304,10,2025,2025-10-01
La Altagracia,59288605.677349985,10,2025,2025-10-01
La Romana,50682497.59013806,10,2025,2025-10-01
Monte Plata,23357610.406097483,10,2025,2025-10-01
San Pedro de Macorís,64864594.47910638,10,2025,2025-10-01
Santo Domingo,351106711.4832552,10,2025,2025-10-01
El Seibo,9391266.149410207,10,2025,2025-10-01
Distrito Nacional,92245383.25989264,11,2025,2025-11-01
Hato Mayor,11469378.54758491,11,2025,2025-11-01
La Altagracia,52201480.967423774,11,2025,2025-11-01
La Romana,46359384.209724426,11,2025,2025-11-01
Monte Plata,21161783.202571608,11,2025,2025-11-01
San Pedro de Macorís,59772824.38826177,11,2025,2025-11-01
Santo Domingo,313060319.3660117,11,2025,2025-11-01
El Seibo,8432785.408013402,11,2025,2025-11-01
Distrito Nacional,91631770.4589034,12,2025,2025-12-01
Hato Mayor,11336108.568512602,12,2025,2025-12-01
La Altagracia,51613382.81381372,12,2025,2025-12-01
La Romana,44345549.69261913,12,2025,2025-12-01
Monte Plata,21478647.04336319,12,2025,2025-12-01
San Pedro de Macorís,57257729.75589641,12,2025,2025-12-01
Santo Domingo,304797475.12439483,12,2025,2025-12-01
El Seibo,8281190.4768743,12,2025,2025-12-01
