,provincia,anio,mes,averias,bajas,energia_entregada_GWh,fecha
0,Distrito Nacional,2017,1,2098.0,693.0,66.68457468,2017-01-01
1,Distrito Nacional,2017,2,2187.0,638.0,63.36477592,2017-02-01
2,Distrito Nacional,2017,3,2419.0,839.0,71.72367005,2017-03-01
3,Distrito Nacional,2017,4,2145.0,603.0,69.23619307999999,2017-04-01
4,Distrito Nacional,2017,5,2572.0,777.0,77.42438908,2017-05-01
5,Distrito Nacional,2017,6,2544.0,880.0,77.16458995,2017-06-01
6,Distrito Nacional,2017,7,2526.0,760.0,80.47965036,2017-07-01
7,Distrito Nacional,2017,8,2964.0,753.0,83.59719273,2017-08-01
8,Distrito Nacional,2017,9,2912.0,647.0,76.78467466,2017-09-01
9,Distrito Nacional,2017,10,3658.0,748.0,79.63780016,2017-10-01
10,Distrito Nacional,2017,11,3050.0,782.0,71.95073569,2017-11-01
11,Distrito Nacional,2017,12,2740.0,680.0,73.67097072,2017-12-01
12,Distrito Nacional,2018,1,3041.0,789.0,68.2464884,2018-01-01
13,Distrito Nacional,2018,2,2490.0,821.0,59.66880495,2018-02-01
14,Distrito Nacional,2018,3,2794.0,1119.0,70.79562054,2018-03-01
15,Distrito Nacional,2018,4,2768.0,710.0,74.55871184,2018-04-01
16,Distrito Nacional,2018,5,3042.0,1250.0,78.59735598,2018-05-01
17,Distrito Nacional,2018,6,2666.0,931.0,80.11949769,2018-06-01
18,Distrito Nacional,2018,7,3428.0,776.0,82.27469045999999,2018-07-01
19,Distrito Nacional,2018,8,3122.0,1418.0,81.31886632,2018-08-01
20,Distrito Nacional,2018,9,2717.0,885.0,75.56344522,2018-09-01
21,Distrito Nacional,2018,10,2729.0,1232.0,75.56344522,2018-10-01
22,Distrito Nacional,2018,11,2903.0,1248.0,74.08582776,2018-11-01
23,Distrito Nacional,2018,12,2464.0,875.0,73.12477557,2018-12-01
24,Distrito Nacional,2019,1,2869.0,1074.0,69.1236328,2019-01-01
25,Distrito Nacional,2019,2,2162.0,659.0,64.76231742,2019-02-01
26,Distrito Nacional,2019,3,2335.0,1002.0,73.22545075,2019-03-01
27,Distrito Nacional,2019,4,2246.0,732.0,71.86205432999999,2019-04-01
28,Distrito Nacional,2019,5,2883.0,932.0,80.16020865,2019-05-01
29,Distrito Nacional,2019,6,2980.0,738.0,80.52844282,2019-06-01
30,Distrito Nacional,2019,7,3013.0,1306.0,85.72454152,2019-07-01
31,Distrito Nacional,2019,8,3089.0,1028.0,87.96391870000001,2019-08-01
32,Distrito Nacional,2019,9,3413.0,1022.0,86.72928411,2019-09-01
33,Distrito Nacional,2019,10,2596.0,1224.0,87.29716954000001,2019-10-01
34,Distrito Nacional,2019,11,2372.0,1040.0,78.94678520000001,2019-11-01
35,Distrito Nacional,2019,12,2246.0,1066.0,78.75226122,2019-12-01
36,Distrito Nacional,2020,1,2783.0,1285.0,74.06208545,2020-01-01
37,Distrito Nacional,2020,2,2146.0,999.0,72.22342404000001,2020-02-01
38,Distrito Nacional,2020,3,1883.0,974.0,70.93594456999999,2020-03-01
39,Distrito Nacional,2020,4,1185.0,75.0,68.28115810999999,2020-04-01
40,Distrito Nacional,2020,5,1917.0,266.0,77.75337762999999,2020-05-01
41,Distrito Nacional,2020,6,1981.0,471.0,84.89464918,2020-06-01
42,Distrito Nacional,2020,7,2254.0,678.0,87.82595286,2020-07-01
43,Distrito Nacional,2020,8,2824.0,1570.0,87.82595286,2020-08-01
44,Distrito Nacional,2020,9,3030.0,2396.0,83.82084603,2020-09-01
45,Distrito Nacional,2020,10,3101.0,2545.0,86.40239014,2020-10-01
46,Distrito Nacional,2020,11,3102.0,2065.0,75.37839016,2020-11-01
47,Distrito Nacional,2020,12,2658.0,2512.0,77.08156177,2020-12-01
48,Distrito Nacional,2021,1,1965.0,1862.0,72.00498431,2021-01-01
49,Distrito Nacional,2021,2,2268.0,2116.0,68.82155723000001,2021-02-01
50,Distrito Nacional,2021,3,2946.0,2655.0,76.86041248000001,2021-03-01
51,Distrito Nacional,2021,4,2712.0,1825.0,77.24383222,2021-04-01
52,Distrito Nacional,2021,5,3028.0,1227.0,85.51007033,2021-05-01
53,Distrito Nacional,2021,6,3196.0,938.0,81.04898788,2021-06-01
54,Distrito Nacional,2021,7,3300.0,929.0,89.23746839,2021-07-01
55,Distrito Nacional,2021,8,3583.0,1570.0,87.32536284,2021-08-01
56,Distrito Nacional,2021,9,3808.0,639.0,92.27852184,2021-09-01
57,Distrito Nacional,2021,10,3090.0,1570.0,90.33200795,2021-10-01
58,Distrito Nacional,2021,11,2655.0,571.0,86.97496899,2021-11-01
59,Distrito Nacional,2021,12,2485.0,579.0,81.29899081999999,2021-12-01
60,Distrito Nacional,2022,1,1999.0,604.0,78.21041906,2022-01-01
61,Distrito Nacional,2022,2,2170.0,794.0,69.6424259,2022-02-01
62,Distrito Nacional,2022,3,2731.0,980.0,79.79516265000001,2022-03-01
63,Distrito Nacional,2022,4,3039.0,701.0,76.10533283,2022-04-01
64,Distrito Nacional,2022,5,3882.0,666.0,87.75801599272077,2022-05-01
65,Distrito Nacional,2022,6,3713.0,699.0,92.54013767749788,2022-06-01
66,Distrito Nacional,2022,7,4648.0,709.0,89.5817143220296,2022-07-01
67,Distrito Nacional,2022,8,4924.0,737.0,94.01719434278688,2022-08-01
68,Distrito Nacional,2022,9,3983.0,740.0,89.52619571840786,2022-09-01
69,Distrito Nacional,2022,10,4470.0,785.0,85.90369043501416,2022-10-01
70,Distrito Nacional,2022,11,4679.0,819.0,78.27896147215304,2022-11-01
71,Distrito Nacional,2022,12,4080.0,688.0,75.74187335564095,2022-12-01
72,Distrito Nacional,2023,1,3203.0,587.0,71.76919641554146,2023-01-01
73,Distrito Nacional,2023,2,3562.0,687.0,66.83429095173398,2023-02-01
74,Distrito Nacional,2023,3,3990.0,731.0,66.83429095173398,2023-03-01
75,Distrito Nacional,2023,4,4038.0,505.0,78.53101057106647,2023-04-01
76,Distrito Nacional,2023,5,3881.0,674.0,90.80758633,2023-05-01
77,Distrito Nacional,2023,6,3897.0,611.0,96.53878536677988,2023-06-01
78,Distrito Nacional,2023,7,3646.0,640.0,98.50217270037368,2023-07-01
79,Distrito Nacional,2023,8,2904.0,564.0,98.8411200851688,2023-08-01
80,Distrito Nacional,2023,9,2351.0,578.0,101.53090440348092,2023-09-01
81,Distrito Nacional,2023,10,2768.0,712.0,105.88577049316308,2023-10-01
82,Distrito Nacional,2023,11,3340.0,516.0,88.79330810167285,2023-11-01
83,Distrito Nacional,2023,12,3307.0,509.0,84.97454121326913,2023-12-01
84,Distrito Nacional,2024,1,2936.0,593.0,86.75533614020445,2024-01-01
85,Distrito Nacional,2024,2,2977.0,589.0,77.7438395239321,2024-02-01
86,Distrito Nacional,2024,3,2993.0,629.0,90.37631702143275,2024-03-01
87,Distrito Nacional,2024,4,3414.0,639.0,90.8959556000205,2024-04-01
88,Distrito Nacional,2024,5,4537.0,575.0,100.51337271583584,2024-05-01
89,Distrito Nacional,2024,6,4195.0,511.0,102.75150248,2024-06-01
90,Distrito Nacional,2024,7,3523.0,663.0,104.02341338886616,2024-07-01
91,Distrito Nacional,2024,8,3806.0,653.0,111.53414057549304,2024-08-01
92,Distrito Nacional,2024,9,3593.0,724.0,105.44908261036808,2024-09-01
93,Distrito Nacional,2024,10,3308.0,617.0,111.6372880471822,2024-10-01
94,Distrito Nacional,2024,11,3378.0,659.0,87.93129991585555,2024-11-01
95,Distrito Nacional,2024,12,3141.0,544.0,90.2549636556162,2024-12-01
96,Distrito Nacional,2025,1,2787.0,647.0,84.38268997468406,2025-01-01
97,Distrito Nacional,2025,2,3051.0,647.0,76.80921798968684,2025-02-01
98,Distrito Nacional,2025,3,3514.0,1058.0,93.71029613388208,2025-03-01
99,Distrito Nacional,2025,4,3632.0,936.0,87.43606939428221,2025-04-01
100,Distrito Nacional,2025,5,4213.0,1022.0,98.95842390000593,2025-05-01
101,Distrito Nacional,2025,6,4003.0,934.0,96.7902886,2025-06-01
102,Distrito Nacional,2025,7,3949.0,965.0,106.4324128823594,2025-07-01
103,Distrito Nacional,2025,8,4423.0,884.0,112.70195278825936,2025-08-01
104,Distrito Nacional,2025,9,4167.0,790.0,109.78791722233709,2025-09-01
105,Distrito Nacional,2025,10,5079.0,617.0,102.48274360525048,2025-10-01
106,Distrito Nacional,2025,11,3909.0,569.0,92.24538325989263,2025-11-01
107,Distrito Nacional,2025,12,3118.0,584.0,91.6317704589034,2025-12-01
108,El Seibo,2017,1,505.0,121.0,4.9001654100000005,2017-01-01
109,El Seibo,2017,2,417.0,106.0,4.59061742,2017-02-01
110,El Seibo,2017,3,505.0,99.0,5.093697929999999,2017-03-01
111,El Seibo,2017,4,398.0,115.0,5.20435998,2017-04-01
112,El Seibo,2017,5,462.0,229.0,5.56639718,2017-05-01
113,El Seibo,2017,6,507.0,168.0,5.5249429,2017-06-01
114,El Seibo,2017,7,508.0,148.0,5.96035518,2017-07-01
115,El Seibo,2017,8,515.0,89.0,5.80782355,2017-08-01
116,El Seibo,2017,9,565.0,81.0,4.44084488,2017-09-01
117,El Seibo,2017,10,638.0,69.0,5.61942949,2017-10-01
118,El Seibo,2017,11,452.0,62.0,5.296442679999999,2017-11-01
119,El Seibo,2017,12,386.0,51.0,5.792124360000001,2017-12-01
120,El Seibo,2018,1,485.0,65.0,5.43532579,2018-01-01
121,El Seibo,2018,2,433.0,52.0,4.63672464,2018-02-01
122,El Seibo,2018,3,428.0,109.0,5.442591139999999,2018-03-01
123,El Seibo,2018,4,373.0,56.0,5.58538321,2018-04-01
124,El Seibo,2018,5,368.0,86.0,5.89573614,2018-05-01
125,El Seibo,2018,6,287.0,73.0,6.11659063,2018-06-01
126,El Seibo,2018,7,399.0,93.0,6.41160958,2018-07-01
127,El Seibo,2018,8,434.0,126.0,6.64882471,2018-08-01
128,El Seibo,2018,9,398.0,74.0,6.27611499,2018-09-01
129,El Seibo,2018,10,469.0,96.0,6.27611499,2018-10-01
130,El Seibo,2018,11,308.0,57.0,6.082724740000001,2018-11-01
131,El Seibo,2018,12,369.0,133.0,6.27646551,2018-12-01
132,El Seibo,2019,1,511.0,120.0,5.98982281,2019-01-01
133,El Seibo,2019,2,323.0,74.0,5.29968888,2019-02-01
134,El Seibo,2019,3,361.0,165.0,6.10241181,2019-03-01
135,El Seibo,2019,4,422.0,133.0,6.36646183,2019-04-01
136,El Seibo,2019,5,413.0,87.0,5.69143372,2019-05-01
137,El Seibo,2019,6,475.0,119.0,5.169577309999999,2019-06-01
138,El Seibo,2019,7,479.0,149.0,5.49116367,2019-07-01
139,El Seibo,2019,8,438.0,96.0,5.461671143,2019-08-01
140,El Seibo,2019,9,590.0,128.0,5.390014484,2019-09-01
141,El Seibo,2019,10,480.0,129.0,5.479154576,2019-10-01
142,El Seibo,2019,11,407.0,213.0,5.009851876,2019-11-01
143,El Seibo,2019,12,422.0,220.0,5.296248241000001,2019-12-01
144,El Seibo,2020,1,641.0,107.0,4.956713367,2020-01-01
145,El Seibo,2020,2,478.0,154.0,4.750143174,2020-02-01
146,El Seibo,2020,3,442.0,149.0,5.055770135,2020-03-01
147,El Seibo,2020,4,189.0,5.0,5.513640479,2020-04-01
148,El Seibo,2020,5,333.0,17.0,5.8500525880000005,2020-05-01
149,El Seibo,2020,6,354.0,50.0,5.920935404,2020-06-01
150,El Seibo,2020,7,401.0,86.0,6.271518274,2020-07-01
151,El Seibo,2020,8,486.0,83.0,6.271518274,2020-08-01
152,El Seibo,2020,9,461.0,80.0,6.1906052460000005,2020-09-01
153,El Seibo,2020,10,378.0,112.0,6.27493191,2020-10-01
154,El Seibo,2020,11,453.0,104.0,5.498857134,2020-11-01
155,El Seibo,2020,12,396.0,107.0,5.8297508030000005,2020-12-01
156,El Seibo,2021,1,371.0,129.0,5.634559611999999,2021-01-01
157,El Seibo,2021,2,155.0,94.0,5.2061715820000005,2021-02-01
158,El Seibo,2021,3,476.0,130.0,5.853637513000001,2021-03-01
159,El Seibo,2021,4,472.0,124.0,5.940652085,2021-04-01
160,El Seibo,2021,5,432.0,84.0,6.62985635,2021-05-01
161,El Seibo,2021,6,480.0,114.0,6.45065395,2021-06-01
162,El Seibo,2021,7,548.0,142.0,6.81857367,2021-07-01
163,El Seibo,2021,8,388.0,83.0,7.16850891,2021-08-01
164,El Seibo,2021,9,564.0,111.0,6.64449524,2021-09-01
165,El Seibo,2021,10,534.0,83.0,6.729289059999999,2021-10-01
166,El Seibo,2021,11,435.0,186.0,6.49411742,2021-11-01
167,El Seibo,2021,12,487.0,250.0,6.5986289000000005,2021-12-01
168,El Seibo,2022,1,401.0,250.0,6.22000998,2022-01-01
169,El Seibo,2022,2,455.0,268.0,5.38598928,2022-02-01
170,El Seibo,2022,3,492.0,270.0,6.381239968,2022-03-01
171,El Seibo,2022,4,550.0,254.0,6.317641439,2022-04-01
172,El Seibo,2022,5,503.0,320.0,7.1145192760663,2022-05-01
173,El Seibo,2022,6,628.0,262.0,7.4297834247655,2022-06-01
174,El Seibo,2022,7,602.0,287.0,7.684754750239493,2022-07-01
175,El Seibo,2022,8,557.0,238.0,7.758871362981895,2022-08-01
176,El Seibo,2022,9,501.0,239.0,5.777729848167603,2022-09-01
177,El Seibo,2022,10,1117.0,221.0,6.15372746028029,2022-10-01
178,El Seibo,2022,11,724.0,264.0,6.4290950055578975,2022-11-01
179,El Seibo,2022,12,1180.0,208.0,6.21445064421679,2022-12-01
180,El Seibo,2023,1,583.0,203.0,5.8873892905501926,2023-01-01
181,El Seibo,2023,2,481.0,225.0,5.5292083077906975,2023-02-01
182,El Seibo,2023,3,554.0,287.0,5.5292083077907,2023-03-01
183,El Seibo,2023,4,582.0,246.0,6.7682706468994045,2023-04-01
184,El Seibo,2023,5,663.0,292.0,7.73405206,2023-05-01
185,El Seibo,2023,6,512.0,216.0,8.1302492239557,2023-06-01
186,El Seibo,2023,7,477.0,208.0,8.927176926174006,2023-07-01
187,El Seibo,2023,8,524.0,168.0,8.5728488476101,2023-08-01
188,El Seibo,2023,9,432.0,197.0,8.5712563279467,2023-09-01
189,El Seibo,2023,10,428.0,236.0,8.917367538091092,2023-10-01
190,El Seibo,2023,11,412.0,255.0,7.819057983157909,2023-11-01
191,El Seibo,2023,12,541.0,171.0,,2023-12-01
192,El Seibo,2024,1,450.0,253.0,,2024-01-01
193,El Seibo,2024,2,521.0,224.0,,2024-02-01
194,El Seibo,2024,3,515.0,241.0,,2024-03-01
195,El Seibo,2024,4,585.0,236.0,8.349818347825599,2024-04-01
196,El Seibo,2024,5,720.0,237.0,9.1466713024428,2024-05-01
197,El Seibo,2024,6,790.0,231.0,9.65432338,2024-06-01
198,El Seibo,2024,7,576.0,290.0,10.518603571293092,2024-07-01
199,El Seibo,2024,8,596.0,216.0,10.634569124637803,2024-08-01
200,El Seibo,2024,9,584.0,210.0,10.224922157142906,2024-09-01
201,El Seibo,2024,10,659.0,224.0,10.27145665613,2024-10-01
202,El Seibo,2024,11,685.0,237.0,8.134107847663895,2024-11-01
203,El Seibo,2024,12,482.0,205.0,8.53160300488531,2024-12-01
204,El Seibo,2025,1,476.0,343.0,7.701583082908095,2025-01-01
205,El Seibo,2025,2,484.0,343.0,7.119681127879802,2025-02-01
206,El Seibo,2025,3,515.0,327.0,8.575599266981595,2025-03-01
207,El Seibo,2025,4,681.0,292.0,8.459454672391198,2025-04-01
208,El Seibo,2025,5,776.0,317.0,9.43121483704309,2025-05-01
209,El Seibo,2025,6,709.0,388.0,9.89948298,2025-06-01
210,El Seibo,2025,7,767.0,357.0,10.887390384160703,2025-07-01
211,El Seibo,2025,8,805.0,319.0,10.927127048528286,2025-08-01
212,El Seibo,2025,9,746.0,301.0,9.382107936763893,2025-09-01
213,El Seibo,2025,10,925.0,224.0,9.391266149410209,2025-10-01
214,El Seibo,2025,11,567.0,200.0,8.432785408013402,2025-11-01
215,El Seibo,2025,12,499.0,247.0,8.2811904768743,2025-12-01
216,Hato Mayor,2017,1,398.0,156.0,5.17920817,2017-01-01
217,Hato Mayor,2017,2,342.0,205.0,4.72098186,2017-02-01
218,Hato Mayor,2017,3,431.0,142.0,5.33168256,2017-03-01
219,Hato Mayor,2017,4,402.0,137.0,5.47681539,2017-04-01
220,Hato Mayor,2017,5,501.0,186.0,5.719428280000001,2017-05-01
221,Hato Mayor,2017,6,546.0,159.0,5.78913077,2017-06-01
222,Hato Mayor,2017,7,571.0,171.0,5.9272795700000005,2017-07-01
223,Hato Mayor,2017,8,590.0,139.0,6.01898691,2017-08-01
224,Hato Mayor,2017,9,649.0,96.0,5.2304276,2017-09-01
225,Hato Mayor,2017,10,515.0,143.0,5.86630325,2017-10-01
226,Hato Mayor,2017,11,400.0,75.0,5.36432295,2017-11-01
227,Hato Mayor,2017,12,457.0,62.0,5.705823179999999,2017-12-01
228,Hato Mayor,2018,1,392.0,111.0,5.51665066,2018-01-01
229,Hato Mayor,2018,2,402.0,85.0,4.80368715,2018-02-01
230,Hato Mayor,2018,3,438.0,114.0,5.62804236,2018-03-01
231,Hato Mayor,2018,4,454.0,96.0,5.63421637,2018-04-01
232,Hato Mayor,2018,5,470.0,101.0,6.03753173,2018-05-01
233,Hato Mayor,2018,6,366.0,219.0,6.0996217800000005,2018-06-01
234,Hato Mayor,2018,7,449.0,163.0,6.59240121,2018-07-01
235,Hato Mayor,2018,8,444.0,192.0,6.51754227,2018-08-01
236,Hato Mayor,2018,9,437.0,179.0,6.06398029,2018-09-01
237,Hato Mayor,2018,10,459.0,165.0,6.06398029,2018-10-01
238,Hato Mayor,2018,11,387.0,152.0,5.87661416,2018-11-01
239,Hato Mayor,2018,12,389.0,114.0,5.96917644,2018-12-01
240,Hato Mayor,2019,1,575.0,117.0,5.749955389999999,2019-01-01
241,Hato Mayor,2019,2,395.0,208.0,5.25814558,2019-02-01
242,Hato Mayor,2019,3,383.0,146.0,5.92400577,2019-03-01
243,Hato Mayor,2019,4,445.0,124.0,6.1527767,2019-04-01
244,Hato Mayor,2019,5,576.0,153.0,6.26775219,2019-05-01
245,Hato Mayor,2019,6,551.0,111.0,6.33726507,2019-06-01
246,Hato Mayor,2019,7,497.0,154.0,6.84821526,2019-07-01
247,Hato Mayor,2019,8,500.0,102.0,6.9080583540000005,2019-08-01
248,Hato Mayor,2019,9,643.0,163.0,6.768731083,2019-09-01
249,Hato Mayor,2019,10,468.0,177.0,6.774386084,2019-10-01
250,Hato Mayor,2019,11,422.0,188.0,6.315087921,2019-11-01
251,Hato Mayor,2019,12,445.0,95.0,6.655031536,2019-12-01
252,Hato Mayor,2020,1,593.0,208.0,6.458741638,2020-01-01
253,Hato Mayor,2020,2,448.0,189.0,6.115326756,2020-02-01
254,Hato Mayor,2020,3,402.0,184.0,6.398354482,2020-03-01
255,Hato Mayor,2020,4,263.0,11.0,6.87644455,2020-04-01
256,Hato Mayor,2020,5,461.0,35.0,7.22835572,2020-05-01
257,Hato Mayor,2020,6,406.0,79.0,7.522603996,2020-06-01
258,Hato Mayor,2020,7,446.0,167.0,7.749009424,2020-07-01
259,Hato Mayor,2020,8,600.0,159.0,7.749009424,2020-08-01
260,Hato Mayor,2020,9,521.0,170.0,7.532005519,2020-09-01
261,Hato Mayor,2020,10,441.0,190.0,7.809365679,2020-10-01
262,Hato Mayor,2020,11,495.0,155.0,6.929664637,2020-11-01
263,Hato Mayor,2020,12,442.0,179.0,7.140747104,2020-12-01
264,Hato Mayor,2021,1,424.0,153.0,6.862823358,2021-01-01
265,Hato Mayor,2021,2,136.0,142.0,6.434527286000001,2021-02-01
266,Hato Mayor,2021,3,476.0,258.0,7.117872035,2021-03-01
267,Hato Mayor,2021,4,460.0,120.0,7.166517063,2021-04-01
268,Hato Mayor,2021,5,475.0,143.0,7.85944748,2021-05-01
269,Hato Mayor,2021,6,545.0,124.0,7.62290662,2021-06-01
270,Hato Mayor,2021,7,563.0,113.0,8.41216383,2021-07-01
271,Hato Mayor,2021,8,543.0,159.0,8.39774162,2021-08-01
272,Hato Mayor,2021,9,640.0,132.0,8.02649489,2021-09-01
273,Hato Mayor,2021,10,771.0,159.0,8.10812867,2021-10-01
274,Hato Mayor,2021,11,506.0,132.0,7.93821295,2021-11-01
275,Hato Mayor,2021,12,510.0,113.0,7.81113699,2021-12-01
276,Hato Mayor,2022,1,455.0,,7.34710148,2022-01-01
277,Hato Mayor,2022,2,546.0,,6.415197909,2022-02-01
278,Hato Mayor,2022,3,563.0,,7.602601991999999,2022-03-01
279,Hato Mayor,2022,4,634.0,,7.418023589,2022-04-01
280,Hato Mayor,2022,5,762.0,,8.15206068575311,2022-05-01
281,Hato Mayor,2022,6,780.0,,8.604461919780801,2022-06-01
282,Hato Mayor,2022,7,734.0,,8.820771386525488,2022-07-01
283,Hato Mayor,2022,8,746.0,,8.832677422460897,2022-08-01
284,Hato Mayor,2022,9,752.0,,7.258984079183711,2022-09-01
285,Hato Mayor,2022,10,1320.0,,7.949419327820696,2022-10-01
286,Hato Mayor,2022,11,808.0,,7.7035157541269,2022-11-01
287,Hato Mayor,2022,12,1280.0,,7.505105478565799,2022-12-01
288,Hato Mayor,2023,1,587.0,,7.371536500732402,2023-01-01
289,Hato Mayor,2023,2,513.0,,6.747949412648101,2023-02-01
290,Hato Mayor,2023,3,566.0,,6.747949412648101,2023-03-01
291,Hato Mayor,2023,4,897.0,,7.901289991294902,2023-04-01
292,Hato Mayor,2023,5,800.0,,9.23543307,2023-05-01
293,Hato Mayor,2023,6,628.0,,10.00346092303671,2023-06-01
294,Hato Mayor,2023,7,656.0,,10.120644994910297,2023-07-01
295,Hato Mayor,2023,8,637.0,,10.291139755445403,2023-08-01
296,Hato Mayor,2023,9,510.0,,10.0900516566644,2023-09-01
297,Hato Mayor,2023,10,504.0,,10.720922214585409,2023-10-01
298,Hato Mayor,2023,11,499.0,,9.004094858557101,2023-11-01
299,Hato Mayor,2023,12,603.0,,8.748703755300811,2023-12-01
300,Hato Mayor,2024,1,511.0,,9.030852091018312,2024-01-01
301,Hato Mayor,2024,2,465.0,,8.039665768978699,2024-02-01
302,Hato Mayor,2024,3,540.0,,9.3594013617133,2024-03-01
303,Hato Mayor,2024,4,562.0,,9.575103262428094,2024-04-01
304,Hato Mayor,2024,5,975.0,,10.2007450088899,2024-05-01
305,Hato Mayor,2024,6,886.0,,10.9858007,2024-06-01
306,Hato Mayor,2024,7,833.0,,11.787279650136506,2024-07-01
307,Hato Mayor,2024,8,818.0,,12.076384195923891,2024-08-01
308,Hato Mayor,2024,9,758.0,,11.603417190964912,2024-09-01
309,Hato Mayor,2024,10,690.0,,11.646912349819996,2024-10-01
310,Hato Mayor,2024,11,643.0,,9.945057945228005,2024-11-01
311,Hato Mayor,2024,12,538.0,,10.2971361599407,2024-12-01
312,Hato Mayor,2025,1,486.0,,9.417083061670102,2025-01-01
313,Hato Mayor,2025,2,535.0,,8.841981664767692,2025-02-01
314,Hato Mayor,2025,3,529.0,,10.741353042735692,2025-03-01
315,Hato Mayor,2025,4,714.0,,10.231830742674012,2025-04-01
316,Hato Mayor,2025,5,762.0,,11.3904530421589,2025-05-01
317,Hato Mayor,2025,6,818.0,,12.23324025,2025-06-01
318,Hato Mayor,2025,7,805.0,,13.120367788604703,2025-07-01
319,Hato Mayor,2025,8,1051.0,,13.58822562653581,2025-08-01
320,Hato Mayor,2025,9,877.0,,12.840386398805988,2025-09-01
321,Hato Mayor,2025,10,954.0,,12.836708032847303,2025-10-01
322,Hato Mayor,2025,11,619.0,,11.46937854758491,2025-11-01
323,Hato Mayor,2025,12,596.0,,11.336108568512602,2025-12-01
324,La Altagracia,2017,1,1032.0,366.0,19.98201241,2017-01-01
325,La Altagracia,2017,2,894.0,344.0,18.51489548,2017-02-01
326,La Altagracia,2017,3,1322.0,374.0,20.93547801,2017-03-01
327,La Altagracia,2017,4,1084.0,295.0,21.4388679,2017-04-01
328,La Altagracia,2017,5,1290.0,383.0,23.76344149,2017-05-01
329,La Altagracia,2017,6,1378.0,326.0,23.53359549,2017-06-01
330,La Altagracia,2017,7,1446.0,355.0,23.88942412,2017-07-01
331,La Altagracia,2017,8,1483.0,391.0,25.07689003,2017-08-01
332,La Altagracia,2017,9,1536.0,237.0,22.32944009,2017-09-01
333,La Altagracia,2017,10,1423.0,228.0,23.30130063,2017-10-01
334,La Altagracia,2017,11,1203.0,295.0,21.22015756,2017-11-01
335,La Altagracia,2017,12,944.0,169.0,22.14932186,2017-12-01
336,La Altagracia,2018,1,1138.0,215.0,21.33410699,2018-01-01
337,La Altagracia,2018,2,1071.0,248.0,17.92501174,2018-02-01
338,La Altagracia,2018,3,1179.0,338.0,20.88340645,2018-03-01
339,La Altagracia,2018,4,971.0,376.0,22.25252724,2018-04-01
340,La Altagracia,2018,5,1072.0,321.0,23.45119433,2018-05-01
341,La Altagracia,2018,6,870.0,385.0,24.78962587,2018-06-01
342,La Altagracia,2018,7,1113.0,392.0,26.413693780000003,2018-07-01
343,La Altagracia,2018,8,1254.0,309.0,26.78339001,2018-08-01
344,La Altagracia,2018,9,1230.0,276.0,24.70542798,2018-09-01
345,La Altagracia,2018,10,1149.0,310.0,24.70542798,2018-10-01
346,La Altagracia,2018,11,980.0,304.0,23.41368166,2018-11-01
347,La Altagracia,2018,12,1017.0,260.0,23.78763975,2018-12-01
348,La Altagracia,2019,1,1278.0,309.0,22.50784932,2019-01-01
349,La Altagracia,2019,2,959.0,319.0,20.78515112,2019-02-01
350,La Altagracia,2019,3,1164.0,421.0,23.49745425,2019-03-01
351,La Altagracia,2019,4,1076.0,355.0,24.10328857,2019-04-01
352,La Altagracia,2019,5,1429.0,431.0,26.866026920000003,2019-05-01
353,La Altagracia,2019,6,1651.0,354.0,27.4180039,2019-06-01
354,La Altagracia,2019,7,1594.0,424.0,30.12401602,2019-07-01
355,La Altagracia,2019,8,1537.0,446.0,31.85384142,2019-08-01
356,La Altagracia,2019,9,1846.0,373.0,30.54341815,2019-09-01
357,La Altagracia,2019,10,1253.0,464.0,30.57992713,2019-10-01
358,La Altagracia,2019,11,1126.0,356.0,28.18016281,2019-11-01
359,La Altagracia,2019,12,1076.0,384.0,28.11208995,2019-12-01
360,La Altagracia,2020,1,1641.0,383.0,26.49844327,2020-01-01
361,La Altagracia,2020,2,1290.0,383.0,25.55704638,2020-02-01
362,La Altagracia,2020,3,1225.0,377.0,27.01839803,2020-03-01
363,La Altagracia,2020,4,686.0,25.0,29.37104366,2020-04-01
364,La Altagracia,2020,5,1268.0,85.0,31.96705019,2020-05-01
365,La Altagracia,2020,6,1179.0,312.0,33.22588183,2020-06-01
366,La Altagracia,2020,7,1197.0,473.0,34.28028637,2020-07-01
367,La Altagracia,2020,8,1453.0,426.0,34.28028637,2020-08-01
368,La Altagracia,2020,9,1418.0,457.0,32.94327229,2020-09-01
369,La Altagracia,2020,10,1340.0,534.0,33.76459223,2020-10-01
370,La Altagracia,2020,11,1076.0,523.0,29.40995514,2020-11-01
371,La Altagracia,2020,12,1018.0,476.0,29.781810420000003,2020-12-01
372,La Altagracia,2021,1,1002.0,402.0,28.69296535,2021-01-01
373,La Altagracia,2021,2,364.0,413.0,26.64278877,2021-02-01
374,La Altagracia,2021,3,1220.0,750.0,29.99822624,2021-03-01
375,La Altagracia,2021,4,1350.0,678.0,30.39392573,2021-04-01
376,La Altagracia,2021,5,1294.0,493.0,35.10910740999999,2021-05-01
377,La Altagracia,2021,6,1230.0,451.0,34.256282090000006,2021-06-01
378,La Altagracia,2021,7,1570.0,465.0,36.91783457,2021-07-01
379,La Altagracia,2021,8,1574.0,426.0,37.55307051,2021-08-01
380,La Altagracia,2021,9,1796.0,404.0,36.53910643,2021-09-01
381,La Altagracia,2021,10,1728.0,426.0,36.612037840000006,2021-10-01
382,La Altagracia,2021,11,1486.0,238.0,34.19709951,2021-11-01
383,La Altagracia,2021,12,1242.0,292.0,33.587395189999995,2021-12-01
384,La Altagracia,2022,1,1054.0,283.0,31.9841241,2022-01-01
385,La Altagracia,2022,2,1328.0,427.0,28.17886345,2022-02-01
386,La Altagracia,2022,3,1408.0,402.0,33.70302743,2022-03-01
387,La Altagracia,2022,4,1631.0,326.0,32.76920796,2022-04-01
388,La Altagracia,2022,5,1802.0,350.0,37.554453885010375,2022-05-01
389,La Altagracia,2022,6,2103.0,366.0,39.41585165779801,2022-06-01
390,La Altagracia,2022,7,1925.0,311.0,40.8781360565496,2022-07-01
391,La Altagracia,2022,8,2282.0,296.0,42.26690080744549,2022-08-01
392,La Altagracia,2022,9,2118.0,298.0,30.102963336210266,2022-09-01
393,La Altagracia,2022,10,3325.0,295.0,36.25800162403664,2022-10-01
394,La Altagracia,2022,11,1999.0,264.0,34.019158497563005,2022-11-01
395,La Altagracia,2022,12,1478.0,274.0,33.097073585501306,2022-12-01
396,La Altagracia,2023,1,1219.0,293.0,31.990644530106,2023-01-01
397,La Altagracia,2023,2,1272.0,244.0,29.356858277865808,2023-02-01
398,La Altagracia,2023,3,1329.0,349.0,29.356858277865808,2023-03-01
399,La Altagracia,2023,4,1720.0,269.0,34.88589072320235,2023-04-01
400,La Altagracia,2023,5,2124.0,323.0,41.84306585,2023-05-01
401,La Altagracia,2023,6,1819.0,276.0,43.06352492891389,2023-06-01
402,La Altagracia,2023,7,1647.0,282.0,46.5969617057732,2023-07-01
403,La Altagracia,2023,8,1893.0,249.0,45.82457318811978,2023-08-01
404,La Altagracia,2023,9,1735.0,312.0,47.276221143343136,2023-09-01
405,La Altagracia,2023,10,1791.0,326.0,47.87465965681591,2023-10-01
406,La Altagracia,2023,11,1090.0,328.0,41.27400428857832,2023-11-01
407,La Altagracia,2023,12,1424.0,255.0,38.92389032890336,2023-12-01
408,La Altagracia,2024,1,1317.0,351.0,41.171087228211725,2024-01-01
409,La Altagracia,2024,2,1321.0,303.0,36.00112200314586,2024-02-01
410,La Altagracia,2024,3,1571.0,241.0,42.48524226806135,2024-03-01
411,La Altagracia,2024,4,1670.0,370.0,41.766244401274406,2024-04-01
412,La Altagracia,2024,5,2546.0,386.0,46.49249397449493,2024-05-01
413,La Altagracia,2024,6,3091.0,331.0,49.18499147,2024-06-01
414,La Altagracia,2024,7,2582.0,411.0,51.64649149278242,2024-07-01
415,La Altagracia,2024,8,2640.0,392.0,55.03925564028589,2024-08-01
416,La Altagracia,2024,9,2487.0,390.0,53.77209682230838,2024-09-01
417,La Altagracia,2024,10,2442.0,433.0,55.56810112173268,2024-10-01
418,La Altagracia,2024,11,1849.0,324.0,43.82567084620931,2024-11-01
419,La Altagracia,2024,12,1419.0,334.0,45.53622612849532,2024-12-01
420,La Altagracia,2025,1,1390.0,340.0,41.03826391494678,2025-01-01
421,La Altagracia,2025,2,1397.0,340.0,38.51330340498532,2025-02-01
422,La Altagracia,2025,3,1638.0,396.0,47.82918066610901,2025-03-01
423,La Altagracia,2025,4,1768.0,345.0,46.223682254126274,2025-04-01
424,La Altagracia,2025,5,2111.0,368.0,52.59537836024007,2025-05-01
425,La Altagracia,2025,6,2497.0,355.0,54.1690332,2025-06-01
426,La Altagracia,2025,7,3067.0,404.0,60.536457458458194,2025-07-01
427,La Altagracia,2025,8,3437.0,365.0,62.615378351711485,2025-08-01
428,La Altagracia,2025,9,3289.0,417.0,58.37184818987013,2025-09-01
429,La Altagracia,2025,10,2911.0,433.0,59.28860567734999,2025-10-01
430,La Altagracia,2025,11,1922.0,345.0,52.20148096742378,2025-11-01
431,La Altagracia,2025,12,1507.0,351.0,51.61338281381372,2025-12-01
432,La Romana,2017,1,1009.0,610.0,22.90885846,2017-01-01
433,La Romana,2017,2,940.0,559.0,21.56491097,2017-02-01
434,La Romana,2017,3,1292.0,653.0,24.23401926,2017-03-01
435,La Romana,2017,4,926.0,504.0,24.41668293,2017-04-01
436,La Romana,2017,5,1201.0,551.0,26.95767982,2017-05-01
437,La Romana,2017,6,1022.0,630.0,27.11188402,2017-06-01
438,La Romana,2017,7,1302.0,707.0,27.34798024,2017-07-01
439,La Romana,2017,8,1534.0,609.0,27.96372747,2017-08-01
440,La Romana,2017,9,1356.0,665.0,25.7305678,2017-09-01
441,La Romana,2017,10,1427.0,799.0,26.47086008,2017-10-01
442,La Romana,2017,11,1143.0,679.0,24.13127013,2017-11-01
443,La Romana,2017,12,1023.0,590.0,25.2339992,2017-12-01
444,La Romana,2018,1,941.0,633.0,24.31194791,2018-01-01
445,La Romana,2018,2,894.0,659.0,21.33425446,2018-02-01
446,La Romana,2018,3,960.0,618.0,25.48118308,2018-03-01
447,La Romana,2018,4,1054.0,575.0,25.6076695,2018-04-01
448,La Romana,2018,5,996.0,528.0,27.68910835,2018-05-01
449,La Romana,2018,6,908.0,470.0,27.98101935,2018-06-01
450,La Romana,2018,7,1079.0,441.0,30.01000224,2018-07-01
451,La Romana,2018,8,1140.0,437.0,29.81966017,2018-08-01
452,La Romana,2018,9,952.0,407.0,27.42015919,2018-09-01
453,La Romana,2018,10,1092.0,519.0,27.42015919,2018-10-01
454,La Romana,2018,11,1056.0,432.0,26.35141774,2018-11-01
455,La Romana,2018,12,969.0,478.0,26.8541957,2018-12-01
456,La Romana,2019,1,1296.0,469.0,25.5631752,2019-01-01
457,La Romana,2019,2,988.0,508.0,23.719285170000003,2019-02-01
458,La Romana,2019,3,1091.0,552.0,26.58029899,2019-03-01
459,La Romana,2019,4,1001.0,582.0,27.08456868,2019-04-01
460,La Romana,2019,5,1408.0,593.0,28.77965026,2019-05-01
461,La Romana,2019,6,1581.0,619.0,29.11807128,2019-06-01
462,La Romana,2019,7,1596.0,670.0,31.2452017,2019-07-01
463,La Romana,2019,8,1368.0,495.0,31.61588096,2019-08-01
464,La Romana,2019,9,1646.0,632.0,29.3671502,2019-09-01
465,La Romana,2019,10,1267.0,699.0,30.012233010000003,2019-10-01
466,La Romana,2019,11,1172.0,586.0,26.5039585,2019-11-01
467,La Romana,2019,12,1001.0,524.0,27.55837282,2019-12-01
468,La Romana,2020,1,1588.0,532.0,26.79618818,2020-01-01
469,La Romana,2020,2,1264.0,464.0,25.97846558,2020-02-01
470,La Romana,2020,3,958.0,455.0,27.41440732,2020-03-01
471,La Romana,2020,4,750.0,38.0,29.06851455,2020-04-01
472,La Romana,2020,5,1157.0,182.0,32.18422143,2020-05-01
473,La Romana,2020,6,1230.0,340.0,32.91798969,2020-06-01
474,La Romana,2020,7,1328.0,442.0,34.777391,2020-07-01
475,La Romana,2020,8,1723.0,492.0,34.777391,2020-08-01
476,La Romana,2020,9,1664.0,521.0,33.09456653,2020-09-01
477,La Romana,2020,10,1427.0,611.0,35.09618313,2020-10-01
478,La Romana,2020,11,1249.0,495.0,30.14397269,2020-11-01
479,La Romana,2020,12,1102.0,616.0,31.489005010000003,2020-12-01
480,La Romana,2021,1,1073.0,453.0,29.68243807,2021-01-01
481,La Romana,2021,2,421.0,412.0,28.08355852,2021-02-01
482,La Romana,2021,3,1256.0,595.0,31.04422058,2021-03-01
483,La Romana,2021,4,1198.0,460.0,31.48709259,2021-04-01
484,La Romana,2021,5,1608.0,533.0,35.25026936,2021-05-01
485,La Romana,2021,6,1660.0,542.0,34.19494559,2021-06-01
486,La Romana,2021,7,1936.0,607.0,37.25057266,2021-07-01
487,La Romana,2021,8,1734.0,492.0,37.99598818,2021-08-01
488,La Romana,2021,9,1907.0,446.0,37.7021894,2021-09-01
489,La Romana,2021,10,1613.0,492.0,37.1785422,2021-10-01
490,La Romana,2021,11,1424.0,435.0,35.190637530000004,2021-11-01
491,La Romana,2021,12,1401.0,421.0,34.2536341,2021-12-01
492,La Romana,2022,1,1168.0,394.0,32.52546012,2022-01-01
493,La Romana,2022,2,1335.0,484.0,28.90114974,2022-02-01
494,La Romana,2022,3,1646.0,463.0,33.7695585,2022-03-01
495,La Romana,2022,4,1855.0,363.0,33.09772428,2022-04-01
496,La Romana,2022,5,2150.0,424.0,36.48486641055159,2022-05-01
497,La Romana,2022,6,2066.0,412.0,39.12759621702974,2022-06-01
498,La Romana,2022,7,2045.0,311.0,39.96806024855013,2022-07-01
499,La Romana,2022,8,2391.0,388.0,40.91035781409067,2022-08-01
500,La Romana,2022,9,2455.0,390.0,33.368587956439576,2022-09-01
501,La Romana,2022,10,3036.0,248.0,38.122422574514005,2022-10-01
502,La Romana,2022,11,2209.0,355.0,33.834386118034104,2022-11-01
503,La Romana,2022,12,880.0,335.0,32.563316004969266,2022-12-01
504,La Romana,2023,1,1280.0,327.0,31.54867026918826,2023-01-01
505,La Romana,2023,2,1108.0,342.0,28.616400043460832,2023-02-01
506,La Romana,2023,3,1252.0,441.0,28.616400043460832,2023-03-01
507,La Romana,2023,4,1794.0,288.0,35.40508069374121,2023-04-01
508,La Romana,2023,5,2104.0,347.0,41.23097607,2023-05-01
509,La Romana,2023,6,1979.0,367.0,42.58240104730178,2023-06-01
510,La Romana,2023,7,1997.0,410.0,45.680833617125,2023-07-01
511,La Romana,2023,8,1773.0,321.0,45.73603292691049,2023-08-01
512,La Romana,2023,9,1900.0,334.0,45.02943782102387,2023-09-01
513,La Romana,2023,10,2007.0,420.0,46.34695582902531,2023-10-01
514,La Romana,2023,11,1273.0,340.0,41.08369426970218,2023-11-01
515,La Romana,2023,12,1493.0,355.0,38.54702454613694,2023-12-01
516,La Romana,2024,1,1488.0,410.0,39.43759026826694,2024-01-01
517,La Romana,2024,2,1481.0,290.0,35.64299594634318,2024-02-01
518,La Romana,2024,3,1649.0,291.0,40.7059160357416,2024-03-01
519,La Romana,2024,4,1862.0,368.0,41.000909780331085,2024-04-01
520,La Romana,2024,5,2506.0,416.0,45.683084137209256,2024-05-01
521,La Romana,2024,6,2650.0,338.0,47.16577681,2024-06-01
522,La Romana,2024,7,2663.0,421.0,48.32210378881082,2024-07-01
523,La Romana,2024,8,2498.0,420.0,52.85621949614739,2024-08-01
524,La Romana,2024,9,2562.0,396.0,49.894200685197006,2024-09-01
525,La Romana,2024,10,2293.0,381.0,51.83793335091392,2024-10-01
526,La Romana,2024,11,1892.0,331.0,41.63795376871253,2024-11-01
527,La Romana,2024,12,1658.0,376.0,42.4175008320758,2024-12-01
528,La Romana,2025,1,1378.0,372.0,39.56260103871242,2025-01-01
529,La Romana,2025,2,1614.0,372.0,35.86089431744343,2025-02-01
530,La Romana,2025,3,1901.0,465.0,43.06973158077726,2025-03-01
531,La Romana,2025,4,1959.0,434.0,42.28427310208889,2025-04-01
532,La Romana,2025,5,2396.0,346.0,46.57100407413955,2025-05-01
533,La Romana,2025,6,2429.0,404.0,48.57718454,2025-06-01
534,La Romana,2025,7,2772.0,464.0,53.03183034161416,2025-07-01
535,La Romana,2025,8,3507.0,388.0,55.49525855946259,2025-08-01
536,La Romana,2025,9,3453.0,356.0,51.80275719754162,2025-09-01
537,La Romana,2025,10,3568.0,381.0,50.68249759013806,2025-10-01
538,La Romana,2025,11,2079.0,336.0,46.359384209724425,2025-11-01
539,La Romana,2025,12,1829.0,384.0,44.34554969261913,2025-12-01
540,Monte Plata,2017,1,609.0,265.0,8.66903676,2017-01-01
541,Monte Plata,2017,2,504.0,205.0,7.45786732,2017-02-01
542,Monte Plata,2017,3,502.0,272.0,9.64545173,2017-03-01
543,Monte Plata,2017,4,624.0,145.0,9.40440496,2017-04-01
544,Monte Plata,2017,5,712.0,267.0,9.97686195,2017-05-01
545,Monte Plata,2017,6,668.0,185.0,10.00479353,2017-06-01
546,Monte Plata,2017,7,734.0,393.0,10.0102726,2017-07-01
547,Monte Plata,2017,8,650.0,301.0,10.48734004,2017-08-01
548,Monte Plata,2017,9,605.0,311.0,10.13142297,2017-09-01
549,Monte Plata,2017,10,657.0,457.0,9.036154880000002,2017-10-01
550,Monte Plata,2017,11,569.0,519.0,8.79399082,2017-11-01
551,Monte Plata,2017,12,480.0,910.0,10.25507535,2017-12-01
552,Monte Plata,2018,1,606.0,954.0,9.85105915,2018-01-01
553,Monte Plata,2018,2,609.0,464.0,8.28138347,2018-02-01
554,Monte Plata,2018,3,540.0,508.0,9.89394654,2018-03-01
555,Monte Plata,2018,4,656.0,293.0,10.06170742,2018-04-01
556,Monte Plata,2018,5,593.0,287.0,10.35719441,2018-05-01
557,Monte Plata,2018,6,639.0,339.0,9.35280812,2018-06-01
558,Monte Plata,2018,7,708.0,220.0,9.10404188,2018-07-01
559,Monte Plata,2018,8,712.0,219.0,9.06904091,2018-08-01
560,Monte Plata,2018,9,627.0,239.0,8.48233174,2018-09-01
561,Monte Plata,2018,10,594.0,364.0,8.48233174,2018-10-01
562,Monte Plata,2018,11,540.0,243.0,8.34051657,2018-11-01
563,Monte Plata,2018,12,535.0,315.0,8.8419399,2018-12-01
564,Monte Plata,2019,1,692.0,486.0,8.71879145,2019-01-01
565,Monte Plata,2019,2,489.0,172.0,7.966744849999999,2019-02-01
566,Monte Plata,2019,3,613.0,229.0,8.83151609,2019-03-01
567,Monte Plata,2019,4,664.0,270.0,8.75079156,2019-04-01
568,Monte Plata,2019,5,831.0,236.0,9.0341939,2019-05-01
569,Monte Plata,2019,6,887.0,312.0,8.82464894,2019-06-01
570,Monte Plata,2019,7,860.0,294.0,9.2386653,2019-07-01
571,Monte Plata,2019,8,862.0,246.0,9.138362617,2019-08-01
572,Monte Plata,2019,9,977.0,359.0,9.615431397,2019-09-01
573,Monte Plata,2019,10,726.0,384.0,10.1357911,2019-10-01
574,Monte Plata,2019,11,574.0,258.0,8.889971054,2019-11-01
575,Monte Plata,2019,12,680.0,231.0,9.803170424,2019-12-01
576,Monte Plata,2020,1,752.0,268.0,9.969951635,2020-01-01
577,Monte Plata,2020,2,608.0,361.0,9.870280722,2020-02-01
578,Monte Plata,2020,3,593.0,384.0,12.90100073,2020-03-01
579,Monte Plata,2020,4,398.0,7.0,13.61947332,2020-04-01
580,Monte Plata,2020,5,576.0,45.0,14.60509661,2020-05-01
581,Monte Plata,2020,6,709.0,144.0,14.92267061,2020-06-01
582,Monte Plata,2020,7,807.0,203.0,15.02051623,2020-07-01
583,Monte Plata,2020,8,1055.0,155.0,15.02051623,2020-08-01
584,Monte Plata,2020,9,787.0,165.0,14.58372142,2020-09-01
585,Monte Plata,2020,10,798.0,203.0,14.95963046,2020-10-01
586,Monte Plata,2020,11,739.0,158.0,13.58097977,2020-11-01
587,Monte Plata,2020,12,650.0,217.0,14.48291263,2020-12-01
588,Monte Plata,2021,1,536.0,144.0,14.30165371,2021-01-01
589,Monte Plata,2021,2,527.0,118.0,13.03042883,2021-02-01
590,Monte Plata,2021,3,720.0,618.0,14.58324598,2021-03-01
591,Monte Plata,2021,4,816.0,267.0,14.64327622,2021-04-01
592,Monte Plata,2021,5,880.0,190.0,15.17464787,2021-05-01
593,Monte Plata,2021,6,863.0,153.0,14.47905819,2021-06-01
594,Monte Plata,2021,7,866.0,171.0,16.00055067,2021-07-01
595,Monte Plata,2021,8,798.0,155.0,16.19012084,2021-08-01
596,Monte Plata,2021,9,774.0,144.0,16.36640131,2021-09-01
597,Monte Plata,2021,10,886.0,155.0,16.07329344,2021-10-01
598,Monte Plata,2021,11,634.0,157.0,15.58012397,2021-11-01
599,Monte Plata,2021,12,556.0,164.0,16.00746972,2021-12-01
600,Monte Plata,2022,1,550.0,127.0,15.33060859,2022-01-01
601,Monte Plata,2022,2,592.0,190.0,13.31372229,2022-02-01
602,Monte Plata,2022,3,773.0,174.0,15.18110173,2022-03-01
603,Monte Plata,2022,4,762.0,154.0,15.111188380000002,2022-04-01
604,Monte Plata,2022,5,857.0,184.0,16.42522679344591,2022-05-01
605,Monte Plata,2022,6,952.0,166.0,17.161428470772307,2022-06-01
606,Monte Plata,2022,7,987.0,187.0,17.268119847461907,2022-07-01
607,Monte Plata,2022,8,922.0,158.0,18.027617039998496,2022-08-01
608,Monte Plata,2022,9,995.0,158.0,16.238593849864408,2022-09-01
609,Monte Plata,2022,10,860.0,165.0,17.467325992531407,2022-10-01
610,Monte Plata,2022,11,710.0,230.0,16.795447726478,2022-11-01
611,Monte Plata,2022,12,1122.0,163.0,16.385565212175095,2022-12-01
612,Monte Plata,2023,1,610.0,173.0,16.045254004633094,2023-01-01
613,Monte Plata,2023,2,604.0,146.0,14.5033573559976,2023-02-01
614,Monte Plata,2023,3,602.0,182.0,14.5033573559976,2023-03-01
615,Monte Plata,2023,4,818.0,120.0,17.2521135708657,2023-04-01
616,Monte Plata,2023,5,811.0,188.0,19.52964019,2023-05-01
617,Monte Plata,2023,6,681.0,184.0,19.87618707745941,2023-06-01
618,Monte Plata,2023,7,789.0,192.0,20.2101103700739,2023-07-01
619,Monte Plata,2023,8,824.0,150.0,20.088080447525503,2023-08-01
620,Monte Plata,2023,9,670.0,149.0,20.4262695033648,2023-09-01
621,Monte Plata,2023,10,743.0,160.0,21.54248747863631,2023-10-01
622,Monte Plata,2023,11,639.0,150.0,18.685493597700585,2023-11-01
623,Monte Plata,2023,12,699.0,104.0,18.2118435936582,2023-12-01
624,Monte Plata,2024,1,621.0,189.0,19.28514121424821,2024-01-01
625,Monte Plata,2024,2,615.0,176.0,17.397691786766703,2024-02-01
626,Monte Plata,2024,3,869.0,159.0,20.74890368600269,2024-03-01
627,Monte Plata,2024,4,686.0,132.0,19.649007667155,2024-04-01
628,Monte Plata,2024,5,1231.0,139.0,21.516337758562702,2024-05-01
629,Monte Plata,2024,6,1089.0,138.0,21.88694243,2024-06-01
630,Monte Plata,2024,7,1015.0,224.0,22.29996451450361,2024-07-01
631,Monte Plata,2024,8,913.0,186.0,22.776267065750208,2024-08-01
632,Monte Plata,2024,9,904.0,188.0,22.101690608967708,2024-09-01
633,Monte Plata,2024,10,804.0,146.0,23.443864028897497,2024-10-01
634,Monte Plata,2024,11,1012.0,150.0,19.7288878252248,2024-11-01
635,Monte Plata,2024,12,948.0,140.0,21.184936952513493,2024-12-01
636,Monte Plata,2025,1,790.0,171.0,19.399580752032108,2025-01-01
637,Monte Plata,2025,2,868.0,171.0,18.046088438545503,2025-02-01
638,Monte Plata,2025,3,1004.0,294.0,21.71480379618579,2025-03-01
639,Monte Plata,2025,4,1181.0,218.0,20.933149995467105,2025-04-01
640,Monte Plata,2025,5,1646.0,293.0,22.372153033477925,2025-05-01
641,Monte Plata,2025,6,1351.0,304.0,22.66766332,2025-06-01
642,Monte Plata,2025,7,1583.0,383.0,24.2264125555678,2025-07-01
643,Monte Plata,2025,8,1799.0,306.0,25.504652892171805,2025-08-01
644,Monte Plata,2025,9,1322.0,180.0,24.5891843759364,2025-09-01
645,Monte Plata,2025,10,1599.0,146.0,23.35761040609748,2025-10-01
646,Monte Plata,2025,11,1076.0,170.0,21.16178320257161,2025-11-01
647,Monte Plata,2025,12,1302.0,183.0,21.4786470433632,2025-12-01
648,San Pedro de Macorís,2017,1,959.0,686.0,36.776705840000005,2017-01-01
649,San Pedro de Macorís,2017,2,837.0,689.0,35.49896221,2017-02-01
650,San Pedro de Macorís,2017,3,934.0,834.0,40.0971172,2017-03-01
651,San Pedro de Macorís,2017,4,859.0,607.0,38.71918348,2017-04-01
652,San Pedro de Macorís,2017,5,971.0,702.0,43.194098880000006,2017-05-01
653,San Pedro de Macorís,2017,6,999.0,803.0,42.779963130000006,2017-06-01
654,San Pedro de Macorís,2017,7,1004.0,774.0,44.34262531,2017-07-01
655,San Pedro de Macorís,2017,8,1125.0,803.0,43.61027705,2017-08-01
656,San Pedro de Macorís,2017,9,1238.0,727.0,38.59898944,2017-09-01
657,San Pedro de Macorís,2017,10,1063.0,825.0,42.40690847,2017-10-01
658,San Pedro de Macorís,2017,11,1052.0,573.0,37.64459604,2017-11-01
659,San Pedro de Macorís,2017,12,849.0,403.0,41.33655822,2017-12-01
660,San Pedro de Macorís,2018,1,943.0,549.0,37.10141311,2018-01-01
661,San Pedro de Macorís,2018,2,983.0,554.0,32.71761859,2018-02-01
662,San Pedro de Macorís,2018,3,997.0,653.0,41.56897081,2018-03-01
663,San Pedro de Macorís,2018,4,816.0,625.0,42.22507727,2018-04-01
664,San Pedro de Macorís,2018,5,849.0,626.0,43.90675041,2018-05-01
665,San Pedro de Macorís,2018,6,725.0,575.0,45.82292159000001,2018-06-01
666,San Pedro de Macorís,2018,7,934.0,655.0,47.49163746,2018-07-01
667,San Pedro de Macorís,2018,8,1123.0,570.0,47.68077086,2018-08-01
668,San Pedro de Macorís,2018,9,984.0,520.0,43.99271605,2018-09-01
669,San Pedro de Macorís,2018,10,1157.0,557.0,43.99271605,2018-10-01
670,San Pedro de Macorís,2018,11,994.0,515.0,41.66333394,2018-11-01
671,San Pedro de Macorís,2018,12,990.0,623.0,41.02136065,2018-12-01
672,San Pedro de Macorís,2019,1,1228.0,605.0,41.5706741,2019-01-01
673,San Pedro de Macorís,2019,2,897.0,528.0,37.16443596,2019-02-01
674,San Pedro de Macorís,2019,3,883.0,730.0,43.16857607,2019-03-01
675,San Pedro de Macorís,2019,4,1075.0,440.0,44.45283858,2019-04-01
676,San Pedro de Macorís,2019,5,1266.0,605.0,47.66857733,2019-05-01
677,San Pedro de Macorís,2019,6,1274.0,503.0,47.33835116,2019-06-01
678,San Pedro de Macorís,2019,7,1391.0,829.0,46.38580856,2019-07-01
679,San Pedro de Macorís,2019,8,1266.0,769.0,46.2322481,2019-08-01
680,San Pedro de Macorís,2019,9,1325.0,721.0,45.651194200000006,2019-09-01
681,San Pedro de Macorís,2019,10,1039.0,777.0,50.35444576,2019-10-01
682,San Pedro de Macorís,2019,11,1055.0,760.0,44.78056082,2019-11-01
683,San Pedro de Macorís,2019,12,883.0,681.0,45.45382076,2019-12-01
684,San Pedro de Macorís,2020,1,1175.0,887.0,43.336484950000006,2020-01-01
685,San Pedro de Macorís,2020,2,1015.0,787.0,41.71938058,2020-02-01
686,San Pedro de Macorís,2020,3,862.0,779.0,41.97250976,2020-03-01
687,San Pedro de Macorís,2020,4,556.0,32.0,38.29085792,2020-04-01
688,San Pedro de Macorís,2020,5,965.0,209.0,44.79390124,2020-05-01
689,San Pedro de Macorís,2020,6,1092.0,360.0,50.9966597,2020-06-01
690,San Pedro de Macorís,2020,7,953.0,421.0,53.39899938,2020-07-01
691,San Pedro de Macorís,2020,8,1793.0,411.0,53.39899938,2020-08-01
692,San Pedro de Macorís,2020,9,1426.0,412.0,50.68079241,2020-09-01
693,San Pedro de Macorís,2020,10,1448.0,883.0,51.2329016,2020-10-01
694,San Pedro de Macorís,2020,11,1379.0,657.0,43.587701,2020-11-01
695,San Pedro de Macorís,2020,12,1125.0,910.0,47.62691348,2020-12-01
696,San Pedro de Macorís,2021,1,947.0,436.0,46.39101281,2021-01-01
697,San Pedro de Macorís,2021,2,1114.0,508.0,44.29477962,2021-02-01
698,San Pedro de Macorís,2021,3,1172.0,663.0,48.44299537,2021-03-01
699,San Pedro de Macorís,2021,4,1178.0,606.0,40.87730742,2021-04-01
700,San Pedro de Macorís,2021,5,1285.0,570.0,45.35433548,2021-05-01
701,San Pedro de Macorís,2021,6,1370.0,480.0,44.46234586,2021-06-01
702,San Pedro de Macorís,2021,7,1643.0,485.0,47.83201907,2021-07-01
703,San Pedro de Macorís,2021,8,1587.0,411.0,47.30965623,2021-08-01
704,San Pedro de Macorís,2021,9,1630.0,354.0,47.31149431,2021-09-01
705,San Pedro de Macorís,2021,10,1605.0,411.0,46.553658090000006,2021-10-01
706,San Pedro de Macorís,2021,11,1290.0,394.0,44.98558408,2021-11-01
707,San Pedro de Macorís,2021,12,1140.0,383.0,44.15089962,2021-12-01
708,San Pedro de Macorís,2022,1,908.0,422.0,43.30121555,2022-01-01
709,San Pedro de Macorís,2022,2,1210.0,534.0,37.50253272,2022-02-01
710,San Pedro de Macorís,2022,3,1493.0,496.0,44.51889905,2022-03-01
711,San Pedro de Macorís,2022,4,1626.0,536.0,43.74803622,2022-04-01
712,San Pedro de Macorís,2022,5,1719.0,551.0,49.3363147011263,2022-05-01
713,San Pedro de Macorís,2022,6,1691.0,465.0,52.08506070008521,2022-06-01
714,San Pedro de Macorís,2022,7,2226.0,444.0,50.914118046156034,2022-07-01
715,San Pedro de Macorís,2022,8,2006.0,510.0,52.4590403863896,2022-08-01
716,San Pedro de Macorís,2022,9,2218.0,519.0,46.91731119645472,2022-09-01
717,San Pedro de Macorís,2022,10,2122.0,426.0,49.30301851956468,2022-10-01
718,San Pedro de Macorís,2022,11,1717.0,533.0,44.820220648155285,2022-11-01
719,San Pedro de Macorís,2022,12,278.0,537.0,43.409659943694805,2022-12-01
720,San Pedro de Macorís,2023,1,1206.0,423.0,41.9642167558234,2023-01-01
721,San Pedro de Macorís,2023,2,1085.0,493.0,38.98217945262158,2023-02-01
722,San Pedro de Macorís,2023,3,1329.0,577.0,38.98217945262158,2023-03-01
723,San Pedro de Macorís,2023,4,1556.0,375.0,48.232679630758646,2023-04-01
724,San Pedro de Macorís,2023,5,1860.0,443.0,55.63343941,2023-05-01
725,San Pedro de Macorís,2023,6,1636.0,380.0,58.569519334929,2023-06-01
726,San Pedro de Macorís,2023,7,1751.0,358.0,60.59112337485378,2023-07-01
727,San Pedro de Macorís,2023,8,1691.0,375.0,57.80111415655239,2023-08-01
728,San Pedro de Macorís,2023,9,1502.0,435.0,57.4882616287112,2023-09-01
729,San Pedro de Macorís,2023,10,1525.0,406.0,58.72872169759373,2023-10-01
730,San Pedro de Macorís,2023,11,1201.0,341.0,51.04310634934622,2023-11-01
731,San Pedro de Macorís,2023,12,1231.0,326.0,49.75486687749329,2023-12-01
732,San Pedro de Macorís,2024,1,1061.0,387.0,51.37123792029225,2024-01-01
733,San Pedro de Macorís,2024,2,1048.0,354.0,45.83531105820232,2024-02-01
734,San Pedro de Macorís,2024,3,1171.0,350.0,53.5502498304789,2024-03-01
735,San Pedro de Macorís,2024,4,1223.0,378.0,54.13539096975157,2024-04-01
736,San Pedro de Macorís,2024,5,1878.0,389.0,60.43695470373108,2024-05-01
737,San Pedro de Macorís,2024,6,2251.0,321.0,62.70557021,2024-06-01
738,San Pedro de Macorís,2024,7,2247.0,463.0,63.85215730681372,2024-07-01
739,San Pedro de Macorís,2024,8,2183.0,371.0,66.94224162052812,2024-08-01
740,San Pedro de Macorís,2024,9,1978.0,394.0,62.66853909199752,2024-09-01
741,San Pedro de Macorís,2024,10,2007.0,362.0,65.50989261776758,2024-10-01
742,San Pedro de Macorís,2024,11,1484.0,335.0,53.704898374289776,2024-11-01
743,San Pedro de Macorís,2024,12,1417.0,323.0,54.21693791200098,2024-12-01
744,San Pedro de Macorís,2025,1,1168.0,346.0,51.45940790451902,2025-01-01
745,San Pedro de Macorís,2025,2,1230.0,346.0,47.76631552548929,2025-02-01
746,San Pedro de Macorís,2025,3,1298.0,373.0,58.49947692325872,2025-03-01
747,San Pedro de Macorís,2025,4,1442.0,423.0,56.61244712002077,2025-04-01
748,San Pedro de Macorís,2025,5,1905.0,458.0,61.41515838168521,2025-05-01
749,San Pedro de Macorís,2025,6,1868.0,499.0,64.70999521,2025-06-01
750,San Pedro de Macorís,2025,7,2223.0,476.0,70.32932856263645,2025-07-01
751,San Pedro de Macorís,2025,8,2967.0,481.0,70.75353445561116,2025-08-01
752,San Pedro de Macorís,2025,9,2367.0,484.0,66.27085587321368,2025-09-01
753,San Pedro de Macorís,2025,10,2841.0,362.0,64.86459447910639,2025-10-01
754,San Pedro de Macorís,2025,11,1667.0,370.0,59.772824388261775,2025-11-01
755,San Pedro de Macorís,2025,12,1457.0,376.0,57.25772975589641,2025-12-01
756,Santo Domingo,2017,1,7687.0,2967.0,174.25659381,2017-01-01
757,Santo Domingo,2017,2,7966.0,3596.0,164.12279046,2017-02-01
758,Santo Domingo,2017,3,8962.0,4105.0,183.0019307,2017-03-01
759,Santo Domingo,2017,4,8528.0,3361.0,181.80540678,2017-04-01
760,Santo Domingo,2017,5,10024.0,4130.0,200.4701186,2017-05-01
761,Santo Domingo,2017,6,9442.0,4149.0,198.63839432,2017-06-01
762,Santo Domingo,2017,7,10507.0,4513.0,203.27737914,2017-07-01
763,Santo Domingo,2017,8,10951.0,3991.0,212.50178381,2017-08-01
764,Santo Domingo,2017,9,11418.0,3287.0,195.81879575,2017-09-01
765,Santo Domingo,2017,10,13840.0,4040.0,204.22771403,2017-10-01
766,Santo Domingo,2017,11,12601.0,4294.0,185.69211939,2017-11-01
767,Santo Domingo,2017,12,10656.0,3877.0,190.64166035,2017-12-01
768,Santo Domingo,2018,1,11888.0,4123.0,176.68251325,2018-01-01
769,Santo Domingo,2018,2,9522.0,4954.0,153.54578991,2018-02-01
770,Santo Domingo,2018,3,10750.0,4646.0,183.29375895,2018-03-01
771,Santo Domingo,2018,4,11219.0,4008.0,190.22909224,2018-04-01
772,Santo Domingo,2018,5,12097.0,4073.0,205.01345754,2018-05-01
773,Santo Domingo,2018,6,10258.0,3581.0,213.54991265,2018-06-01
774,Santo Domingo,2018,7,13641.0,3752.0,222.30264206,2018-07-01
775,Santo Domingo,2018,8,13102.0,4506.0,216.20901986,2018-08-01
776,Santo Domingo,2018,9,12947.0,3770.0,202.81408006,2018-09-01
777,Santo Domingo,2018,10,12592.0,4539.0,202.81408006,2018-10-01
778,Santo Domingo,2018,11,11830.0,4283.0,201.02446802,2018-11-01
779,Santo Domingo,2018,12,11521.0,3562.0,203.0949314,2018-12-01
780,Santo Domingo,2019,1,13917.0,5813.0,195.62892196,2019-01-01
781,Santo Domingo,2019,2,10011.0,3312.0,182.34063445,2019-02-01
782,Santo Domingo,2019,3,10688.0,3687.0,205.50481066,2019-03-01
783,Santo Domingo,2019,4,11624.0,3600.0,205.44589057,2019-04-01
784,Santo Domingo,2019,5,13281.0,4061.0,223.06125966,2019-05-01
785,Santo Domingo,2019,6,14300.0,3563.0,224.86310234,2019-06-01
786,Santo Domingo,2019,7,15571.0,4674.0,231.12191908000003,2019-07-01
787,Santo Domingo,2019,8,15110.0,4018.0,238.2868991,2019-08-01
788,Santo Domingo,2019,9,18401.0,3662.0,240.8874874,2019-09-01
789,Santo Domingo,2019,10,13653.0,4426.0,239.7754938,2019-10-01
790,Santo Domingo,2019,11,12086.0,4493.0,220.065782,2019-11-01
791,Santo Domingo,2019,12,10688.0,3729.0,222.3997248,2019-12-01
792,Santo Domingo,2020,1,14177.0,4163.0,216.0953745,2020-01-01
793,Santo Domingo,2020,2,11198.0,4753.0,208.1545153,2020-02-01
794,Santo Domingo,2020,3,10587.0,4731.0,216.8711518,2020-03-01
795,Santo Domingo,2020,4,7285.0,391.0,231.415534,2020-04-01
796,Santo Domingo,2020,5,10128.0,1144.0,255.3822261,2020-05-01
797,Santo Domingo,2020,6,11212.0,2020.0,263.6451363,2020-06-01
798,Santo Domingo,2020,7,11940.0,3670.0,271.9458273,2020-07-01
799,Santo Domingo,2020,8,15139.0,3195.0,271.9458273,2020-08-01
800,Santo Domingo,2020,9,14830.0,3213.0,259.679108,2020-09-01
801,Santo Domingo,2020,10,16363.0,3642.0,266.6948984,2020-10-01
802,Santo Domingo,2020,11,16025.0,3052.0,234.1112435,2020-11-01
803,Santo Domingo,2020,12,13005.0,2995.0,241.7909552,2020-12-01
804,Santo Domingo,2021,1,10236.0,3092.0,234.9997781,2021-01-01
805,Santo Domingo,2021,2,11669.0,3406.0,220.1721472,2021-02-01
806,Santo Domingo,2021,3,15082.0,5738.0,242.223169,2021-03-01
807,Santo Domingo,2021,4,13719.0,5569.0,246.953343,2021-04-01
808,Santo Domingo,2021,5,14461.0,5601.0,270.86975515,2021-05-01
809,Santo Domingo,2021,6,15853.0,3884.0,258.11358964,2021-06-01
810,Santo Domingo,2021,7,16162.0,3441.0,279.30884233,2021-07-01
811,Santo Domingo,2021,8,16830.0,3195.0,269.7944286,2021-08-01
812,Santo Domingo,2021,9,16522.0,1100.0,287.18269239999995,2021-09-01
813,Santo Domingo,2021,10,15636.0,3195.0,278.98128842,2021-10-01
814,Santo Domingo,2021,11,12759.0,3160.0,264.99486325,2021-11-01
815,Santo Domingo,2021,12,12823.0,3132.0,249.60408923,2021-12-01
816,Santo Domingo,2022,1,11125.0,2660.0,245.59222529,2022-01-01
817,Santo Domingo,2022,2,12563.0,3467.0,213.1854019,2022-02-01
818,Santo Domingo,2022,3,14966.0,4117.0,246.591044,2022-03-01
819,Santo Domingo,2022,4,16444.0,3186.0,239.0087935,2022-04-01
820,Santo Domingo,2022,5,17528.0,3736.0,274.0800908589809,2022-05-01
821,Santo Domingo,2022,6,15653.0,3504.0,289.2152296987424,2022-06-01
822,Santo Domingo,2022,7,17431.0,3536.0,279.1065319437887,2022-07-01
823,Santo Domingo,2022,8,17913.0,3541.0,292.0293472749281,2022-08-01
824,Santo Domingo,2022,9,15263.0,3554.0,276.7427792046077,2022-09-01
825,Santo Domingo,2022,10,16984.0,3521.0,281.5263116455605,2022-10-01
826,Santo Domingo,2022,11,16083.0,3312.0,249.0354479718782,2022-11-01
827,Santo Domingo,2022,12,14287.0,3277.0,241.41130602362423,2022-12-01
828,Santo Domingo,2023,1,11089.0,2969.0,232.4987951034458,2023-01-01
829,Santo Domingo,2023,2,11995.0,2842.0,217.331744666092,2023-02-01
830,Santo Domingo,2023,3,11945.0,3838.0,217.331744666092,2023-03-01
831,Santo Domingo,2023,4,13341.0,2883.0,263.13271183782814,2023-04-01
832,Santo Domingo,2023,5,14649.0,3415.0,308.64074709,2023-05-01
833,Santo Domingo,2023,6,13593.0,3305.0,325.0236014576478,2023-06-01
834,Santo Domingo,2023,7,12266.0,3515.0,329.04775363971294,2023-07-01
835,Santo Domingo,2023,8,9888.0,3334.0,320.2188066203188,2023-08-01
836,Santo Domingo,2023,9,9496.0,3283.0,328.3262296422185,2023-09-01
837,Santo Domingo,2023,10,11461.0,3863.0,341.2569787049666,2023-10-01
838,Santo Domingo,2023,11,10731.0,3476.0,287.6795073280171,2023-11-01
839,Santo Domingo,2023,12,11813.0,3335.0,271.8155276454828,2023-12-01
840,Santo Domingo,2024,1,12060.0,3529.0,284.4027504042615,2024-01-01
841,Santo Domingo,2024,2,12667.0,3512.0,255.88462077181345,2024-02-01
842,Santo Domingo,2024,3,14379.0,3228.0,296.63155201533004,2024-03-01
843,Santo Domingo,2024,4,14744.0,4023.0,294.4752697561148,2024-04-01
844,Santo Domingo,2024,5,19419.0,8443.0,326.80467508200866,2024-05-01
845,Santo Domingo,2024,6,18999.0,3805.0,340.9733658,2024-06-01
846,Santo Domingo,2024,7,15212.0,4543.0,338.0546284123684,2024-07-01
847,Santo Domingo,2024,8,17857.0,4550.0,364.4841699383079,2024-08-01
848,Santo Domingo,2024,9,16690.0,3989.0,343.50459228022413,2024-09-01
849,Santo Domingo,2024,10,16561.0,4272.0,367.5218168899061,2024-10-01
850,Santo Domingo,2024,11,14775.0,3970.0,288.897981460506,2024-11-01
851,Santo Domingo,2024,12,14230.0,3598.0,296.0846093686881,2024-12-01
852,Santo Domingo,2025,1,12052.0,3647.0,275.62276804443314,2025-01-01
853,Santo Domingo,2025,2,12839.0,3647.0,252.46048767046145,2025-02-01
854,Santo Domingo,2025,3,14709.0,5251.0,312.7758495846154,2025-03-01
855,Santo Domingo,2025,4,16012.0,5005.0,299.3851558807698,2025-04-01
856,Santo Domingo,2025,5,19386.0,5008.0,334.4036771820072,2025-05-01
857,Santo Domingo,2025,6,17733.0,5105.0,329.18515631,2025-06-01
858,Santo Domingo,2025,7,19216.0,5256.0,362.2165203643845,2025-07-01
859,Santo Domingo,2025,8,22158.0,5069.0,385.8260299841088,2025-08-01
860,Santo Domingo,2025,9,19120.0,4092.0,376.6375105402286,2025-09-01
861,Santo Domingo,2025,10,22312.0,4272.0,351.1067114832552,2025-10-01
862,Santo Domingo,2025,11,17639.0,3706.0,313.0603193660117,2025-11-01
863,Santo Domingo,2025,12,15677.0,3927.0,304.79747512439485,2025-12-01
